source	pathway_id	pathway_name	pathway_size	raw26_n	raw26_pathway_n	nonraw26_pathway_n	beta_Firth	SE_Firth	logCI95L	logCI95U	OR_Firth	CI95L	CI95U	P_Firth	q_Firth	fit_status	converged	solver_attempt	solver_type	iterations	prob01_warning	warning	enriched_flag	depleted_flag
GO_BP	GO:1902969	mitotic DNA replication	14	26	2	12	4.68347775651458	0.776777808337248	3.16102122818362	6.20593428484554	108.145523127755	23.5946791810903	495.681847708657	1.64604066433395e-09	8.97092162062e-06	PASS	TRUE	A_ASMEAN_RA05	AS_mean	40	FALSE	""	TRUE	FALSE
GO_BP	GO:0033260	nuclear DNA replication	22	26	2	20	3.9304242758702	0.73441144058201	2.49100430249528	5.36984424924512	50.9285808539822	12.0733953748288	214.829405256462	8.70828777947284e-08	0.00017648177288051	PASS	TRUE	A_ASMEAN_RA05	AS_mean	40	FALSE	""	TRUE	FALSE
GO_BP	GO:0044786	cell cycle DNA replication	23	26	2	21	3.89924889664583	0.731294295771145	2.4659384148348	5.33255937845685	49.3653566921645	11.7745263593543	206.967003764751	9.71459300259687e-08	0.00017648177288051	PASS	TRUE	A_ASMEAN_RA05	AS_mean	40	FALSE	""	TRUE	FALSE
GO_BP	GO:2001034	positive regulation of double-strand break repair via nonhomologous end joining	17	26	2	15	3.92985927064098	0.762772684779682	2.43485228008188	5.42486626120008	50.8998140669408	11.4141324941085	226.980988120333	2.57625021263415e-07	0.000328088823116726	PASS	TRUE	A_ASMEAN_RA05	AS_mean	40	FALSE	""	TRUE	FALSE
GO_BP	GO:0046649	lymphocyte activation	387	26	9	378	2.32184930162307	0.454117170503977	1.43179600267404	3.2119026005721	10.1945096077925	4.18621089034201	24.8262758054414	3.17273866893792e-07	0.000328088823116726	PASS	TRUE	A_ASMEAN_RA05	AS_mean	38	FALSE	""	TRUE	FALSE
GO_BP	GO:0000727	double-strand break repair via break-induced replication	12	26	1	11	4.88645923045047	0.966868711500379	2.99143137813108	6.78148708276986	132.483648524735	19.9141668036521	881.378432724915	4.32874919107125e-07	0.000328088823116726	PASS	TRUE	A_ASMEAN_RA05	AS_mean	40	FALSE	""	TRUE	FALSE
GO_BP	GO:0006614	SRP-dependent cotranslational protein targeting to membrane	18	26	1	17	4.72387131737659	0.93723029139684	2.8869337010188	6.56080893373437	112.603333197488	17.9382212365121	706.843252739922	4.64933588586682e-07	0.000328088823116726	PASS	TRUE	A_ASMEAN_RA05	AS_mean	40	FALSE	""	TRUE	FALSE
GO_BP	GO:0006310	DNA recombination	215	26	5	210	2.47278214081282	0.491264698869623	1.50992102415244	3.43564325747319	11.8553843606882	4.52637330602976	31.0513801750331	4.81598272464919e-07	0.000328088823116726	PASS	TRUE	A_ASMEAN_RA05	AS_mean	40	FALSE	""	TRUE	FALSE
GO_BP	GO:0006613	cotranslational protein targeting to membrane	22	26	1	21	4.48574529683808	0.915904858651047	2.69060476061678	6.28088583305938	88.7430660987086	14.7405877523493	534.261720964594	9.70090601038121e-07	0.000535251837746621	PASS	TRUE	A_ASMEAN_RA05	AS_mean	40	FALSE	""	TRUE	FALSE
GO_BP	GO:0042098	T cell proliferation	20	26	2	18	3.70459964499918	0.756783798201909	2.22133065644001	5.18786863355835	40.6337761244958	9.21959081507542	179.086447029281	9.82113463755268e-07	0.000535251837746621	PASS	TRUE	A_ASMEAN_RA05	AS_mean	40	FALSE	""	TRUE	FALSE
GO_BP	GO:2001032	regulation of double-strand break repair via nonhomologous end joining	27	26	2	25	3.42036011779646	0.731974874212922	1.9857157267509	4.85500450884202	30.5804255938593	7.28425905923292	128.38127006428	2.97144936743349e-06	0.00137181728090123	PASS	TRUE	A_ASMEAN_RA05	AS_mean	40	FALSE	""	TRUE	FALSE
GO_BP	GO:0044029	positive regulation of gene expression via chromosomal CpG island demethylation	12	26	1	11	4.4420199173571	0.951300174068704	2.57750583769576	6.30653399701844	84.946353110149	13.16426336971	548.141791459243	3.02051511391096e-06	0.00137181728090123	PASS	TRUE	A_ASMEAN_RA05	AS_mean	40	FALSE	""	TRUE	FALSE
GO_BP	GO:0046651	lymphocyte proliferation	42	26	3	39	3.01901884075089	0.651936502293278	1.74124677604905	4.29679090545273	20.4711963238173	5.70445116395468	73.463663178728	3.64171169196048e-06	0.00152671759393728	PASS	TRUE	A_ASMEAN_RA05	AS_mean	38	FALSE	""	TRUE	FALSE
GO_BP	GO:0032943	mononuclear cell proliferation	43	26	3	40	2.98963187723551	0.649603853886056	1.71643171940042	4.2628320350706	19.8783634663847	5.56463681030675	71.0108040420193	4.17974145089915e-06	0.00162711363624288	PASS	TRUE	A_ASMEAN_RA05	AS_mean	39	FALSE	""	TRUE	FALSE
GO_BP	GO:0015820	L-leucine transport	11	26	1	10	4.48351201030886	0.977884749219269	2.56689312080811	6.40013089980961	88.5450985460442	13.0252934978288	601.923824429415	4.54185486324901e-06	0.00165020726698047	PASS	TRUE	A_ASMEAN_RA05	AS_mean	40	FALSE	""	TRUE	FALSE
GO_BP	GO:0034497	protein localization to phagophore assembly site	16	26	1	15	4.14849889461887	0.910819997238698	2.36332450363215	5.93367328560559	63.3388506116493	10.6262197012329	377.538777627508	5.24639394531345e-06	0.00178705293762239	PASS	TRUE	A_ASMEAN_RA05	AS_mean	40	FALSE	""	TRUE	FALSE
GO_BP	GO:0045321	leukocyte activation	493	26	9	484	2.0558806165328	0.457841114453351	1.15852852156255	2.95323271150305	7.81371573106888	3.18524280988978	19.1678177049448	7.10961964804343e-06	0.00227926041657863	PASS	TRUE	A_ASMEAN_RA05	AS_mean	39	FALSE	""	TRUE	FALSE
GO_BP	GO:0160257	complement activation, GZMK pathway	12	26	1	11	4.38016617806797	0.981066977391115	2.45731023595981	6.30302212017613	79.851301837657	11.6733706620307	546.220161234853	8.01823770950788e-06	0.00242774419537877	PASS	TRUE	A_ASMEAN_RA05	AS_mean	40	FALSE	""	TRUE	FALSE
GO_BP	GO:0006270	DNA replication initiation	27	26	1	26	3.96609277521694	0.893745300900435	2.21438417410018	5.71780137633371	52.7779122830933	9.1557690154359	304.235288184504	9.09633854817615e-06	0.00249630423898947	PASS	TRUE	A_ASMEAN_RA05	AS_mean	40	FALSE	""	TRUE	FALSE
GO_BP	GO:0015803	branched-chain amino acid transport	15	26	1	14	4.14876144116188	0.93522928914169	2.31574571715717	5.98177716516659	63.3554821911021	10.1324760633836	396.14375583599	9.16074950087878e-06	0.00249630423898947	PASS	TRUE	A_ASMEAN_RA05	AS_mean	40	FALSE	""	TRUE	FALSE
GO_BP	GO:0050856	regulation of T cell receptor signaling pathway	55	26	3	52	2.76742941391487	0.628748295862229	1.53510539868397	3.99975342914577	15.9176636487515	4.64181474533755	54.5846893802219	1.07509963138963e-05	0.00270850440400933	PASS	TRUE	A_ASMEAN_RA05	AS_mean	40	FALSE	""	TRUE	FALSE
GO_BP	GO:0046037	GMP metabolic process	29	26	2	27	3.20387574984792	0.72851140768727	1.77601962845429	4.63173187124154	24.6277966424922	5.9063002989872	102.691759097985	1.09334122730652e-05	0.00270850440400933	PASS	TRUE	A_ASMEAN_RA05	AS_mean	40	FALSE	""	TRUE	FALSE
GO_BP	GO:0009113	purine nucleobase biosynthetic process	10	26	1	9	4.21923659587033	0.964648608699912	2.32856006508183	6.10991312665883	67.9815670659901	10.2631526162373	450.299594438075	1.22069472544532e-05	0.00289251576246825	PASS	TRUE	A_ASMEAN_RA05	AS_mean	40	FALSE	""	TRUE	FALSE
GO_BP	GO:0031452	negative regulation of heterochromatin formation	10	26	1	9	4.1327374989992	0.96472489953434	2.24191144092287	6.02356355707553	62.3483681268969	9.41130325597388	413.047895956339	1.83686142855262e-05	0.0040043579142447	PASS	TRUE	A_ASMEAN_RA05	AS_mean	40	FALSE	""	TRUE	FALSE
GO_BP	GO:0120262	negative regulation of heterochromatin organization	10	26	1	9	4.1327374989992	0.96472489953434	2.24191144092287	6.02356355707553	62.3483681268969	9.41130325597388	413.047895956339	1.83686142855262e-05	0.0040043579142447	PASS	TRUE	A_ASMEAN_RA05	AS_mean	40	FALSE	""	TRUE	FALSE
GO_BP	GO:0050857	positive regulation of antigen receptor-mediated signaling pathway	23	26	2	21	3.16131125600037	0.739596111867992	1.71172951363324	4.61089299836749	23.6015232868227	5.53853216580942	100.573921895247	1.91674055674826e-05	0.00401778309010692	PASS	TRUE	A_ASMEAN_RA05	AS_mean	40	FALSE	""	TRUE	FALSE
GO_BP	GO:0000724	double-strand break repair via homologous recombination	119	26	3	116	2.51334024298629	0.59237349903593	1.3523095194799	3.67437096649269	12.346100237761	3.86634462554957	39.4238501331671	2.20718318844198e-05	0.00445524013963289	PASS	TRUE	A_ASMEAN_RA05	AS_mean	40	FALSE	""	TRUE	FALSE
GO_BP	GO:0000712	resolution of meiotic recombination intermediates	18	26	1	17	3.80925538932032	0.899930814559039	2.04542340420681	5.57308737443383	45.1168318809595	7.7324317890552	263.245583602294	2.30767528108617e-05	0.00449172510068558	PASS	TRUE	A_ASMEAN_RA05	AS_mean	40	FALSE	""	TRUE	FALSE
GO_BP	GO:0042110	T cell activation	255	26	6	249	2.10119226663183	0.498582355718599	1.12398880609624	3.07839572716742	8.17591197087573	3.07710372666852	21.7235239670912	2.50517009752455e-05	0.00470799207983061	PASS	TRUE	A_ASMEAN_RA05	AS_mean	39	FALSE	""	TRUE	FALSE
GO_BP	GO:0000725	recombinational repair	124	26	3	121	2.48326561160673	0.591615629604856	1.32372028489022	3.64281093832324	11.9803236910276	3.75737390885214	38.1990611590862	2.69960215941126e-05	0.00490427725626378	PASS	TRUE	A_ASMEAN_RA05	AS_mean	40	FALSE	""	TRUE	FALSE
GO_BP	GO:0070661	leukocyte proliferation	55	26	3	52	2.69121252950765	0.643457080014838	1.43005982708126	3.95236523193404	14.7495493460314	4.17894919877787	52.0583514091619	2.88413115934212e-05	0.00507048865110148	PASS	TRUE	A_ASMEAN_RA05	AS_mean	39	FALSE	""	TRUE	FALSE
GO_BP	GO:0006271	DNA strand elongation involved in DNA replication	15	26	1	14	3.86904421165106	0.927792234135622	2.05060484760929	5.68748357569283	47.8965851982445	7.77260092391356	295.149962812913	3.043827676345e-05	0.00518401901127509	PASS	TRUE	A_ASMEAN_RA05	AS_mean	40	FALSE	""	TRUE	FALSE
GO_BP	GO:0007141	male meiosis I	21	26	1	20	3.72070499244279	0.894539611930662	1.96743957031425	5.47397041457132	41.2934954515216	7.15233996011212	238.404882334216	3.19151943030902e-05	0.0052652903438878	PASS	TRUE	A_ASMEAN_RA05	AS_mean	39	FALSE	""	TRUE	FALSE
GO_BP	GO:0009155	purine deoxyribonucleotide catabolic process	13	26	1	12	3.85239572177716	0.929088848617345	2.03141504004938	5.67337640350494	47.105780502237	7.62486822250247	291.015463083856	3.37709120909602e-05	0.0052652903438878	PASS	TRUE	A_ASMEAN_RA05	AS_mean	40	FALSE	""	TRUE	FALSE
GO_BP	GO:0009167	purine ribonucleoside monophosphate metabolic process	41	26	2	39	2.92587591499428	0.705687957944889	1.54275293309868	4.30899889688987	18.6505551983318	4.67744926779472	74.366003625309	3.38137911992794e-05	0.0052652903438878	PASS	TRUE	A_ASMEAN_RA05	AS_mean	40	FALSE	""	TRUE	FALSE
GO_BP	GO:0045091	regulation of single stranded viral RNA replication via double stranded DNA intermediate	13	26	1	12	4.03280500352975	0.981096745674895	2.1098907166575	5.955719290402	56.4189448405388	8.24733993850132	385.954424172575	3.94791376197027e-05	0.00589349158215749	PASS	TRUE	A_ASMEAN_RA05	AS_mean	40	FALSE	""	TRUE	FALSE
GO_BP	GO:1903826	L-arginine transmembrane transport	17	26	1	16	3.79554120642507	0.924070107522338	1.98439707649123	5.60668533635891	44.5023148279579	7.27465999942529	272.240355590934	4.00108602825371e-05	0.00589349158215749	PASS	TRUE	A_ASMEAN_RA05	AS_mean	40	FALSE	""	TRUE	FALSE
GO_BP	GO:0009126	purine nucleoside monophosphate metabolic process	46	26	2	44	2.86324344099391	0.700295756260564	1.49068898019696	4.23579790179085	17.5182543150842	4.44015364332086	69.1168051604716	4.33946495880386e-05	0.00603313094972793	PASS	TRUE	A_ASMEAN_RA05	AS_mean	40	FALSE	""	TRUE	FALSE
GO_BP	GO:0006302	double-strand break repair	216	26	4	212	2.15205751498798	0.526407908739482	1.12031697268155	3.18379805729441	8.60254005590095	3.06582583233017	24.1382581596731	4.34745017836704e-05	0.00603313094972793	PASS	TRUE	A_ASMEAN_RA05	AS_mean	40	FALSE	""	TRUE	FALSE
GO_BP	GO:1905268	negative regulation of chromatin organization	13	26	1	12	3.86716077772379	0.946920790126542	2.01123013286356	5.72309142258402	47.8064600437106	7.47250386842161	305.848971396203	4.42798601814894e-05	0.00603313094972793	PASS	TRUE	A_ASMEAN_RA05	AS_mean	40	FALSE	""	TRUE	FALSE
GO_BP	GO:0070527	platelet aggregation	38	26	2	36	2.92533417986822	0.720354211825148	1.5134658685792	4.33720249115725	18.6404542737203	4.54244706787781	76.4932491977265	4.8870025584197e-05	0.00649613754716765	PASS	TRUE	A_ASMEAN_RA05	AS_mean	40	FALSE	""	TRUE	FALSE
GO_BP	GO:1990822	basic amino acid transmembrane transport	20	26	1	19	3.67117080743353	0.910591081545156	1.88644508296165	5.45589653190541	39.2978891970292	6.59587915093836	234.134686218786	5.53901821201163e-05	0.00706781220169686	PASS	TRUE	A_ASMEAN_RA05	AS_mean	40	FALSE	""	TRUE	FALSE
GO_BP	GO:1903028	positive regulation of opsonization	16	26	1	15	3.76016528878352	0.933031334467351	1.93145747678017	5.58887310078687	42.9555254585632	6.89955886382313	267.434078589604	5.57643898482504e-05	0.00706781220169686	PASS	TRUE	A_ASMEAN_RA05	AS_mean	40	FALSE	""	TRUE	FALSE
GO_BP	GO:2000781	positive regulation of double-strand break repair	100	26	3	97	2.37626305535869	0.593812951102312	1.21241105764472	3.54011505307267	10.7646008900972	3.3615798524322	34.4708849439474	6.28882127585959e-05	0.00740634729363245	PASS	TRUE	A_ASMEAN_RA05	AS_mean	40	FALSE	""	TRUE	FALSE
GO_BP	GO:1903027	regulation of opsonization	18	26	1	17	3.67415895268341	0.919677825097252	1.87162353811266	5.47669436725415	39.4154926185094	6.49883895157921	239.055171229048	6.46805840330075e-05	0.00740634729363245	PASS	TRUE	A_ASMEAN_RA05	AS_mean	40	FALSE	""	TRUE	FALSE
GO_BP	GO:0000730	DNA recombinase assembly	10	26	1	9	3.97398588759098	0.9952689821497	2.02329452764773	5.92467724753423	53.1961426739944	7.56320110869632	374.157655564411	6.52766378097687e-05	0.00740634729363245	PASS	TRUE	A_ASMEAN_RA05	AS_mean	40	FALSE	""	TRUE	FALSE
GO_BP	GO:0090735	DNA repair complex assembly	10	26	1	9	3.97398588759098	0.9952689821497	2.02329452764773	5.92467724753423	53.1961426739944	7.56320110869632	374.157655564411	6.52766378097687e-05	0.00740634729363245	PASS	TRUE	A_ASMEAN_RA05	AS_mean	40	FALSE	""	TRUE	FALSE
GO_BP	GO:0007131	reciprocal meiotic recombination	66	26	2	64	2.76410786394194	0.694139840945565	1.40361877545427	4.12459695242961	15.8648800437096	4.0699014095132	61.8428786046198	6.83199590922712e-05	0.00740634729363245	PASS	TRUE	A_ASMEAN_RA05	AS_mean	39	FALSE	""	TRUE	FALSE
GO_BP	GO:0140527	reciprocal homologous recombination	66	26	2	64	2.76410786394194	0.694139840945565	1.40361877545427	4.12459695242961	15.8648800437096	4.0699014095132	61.8428786046198	6.83199590922712e-05	0.00740634729363245	PASS	TRUE	A_ASMEAN_RA05	AS_mean	39	FALSE	""	TRUE	FALSE
GO_BP	GO:0006167	AMP biosynthetic process	13	26	1	12	3.75382358323538	0.944367999885113	1.90289631530844	5.60475085116233	42.6839761175005	6.70528697058492	271.714219718238	7.03915372872494e-05	0.00740634729363245	PASS	TRUE	A_ASMEAN_RA05	AS_mean	40	FALSE	""	TRUE	FALSE
GO_BP	GO:0050854	regulation of antigen receptor-mediated signaling pathway	72	26	3	69	2.46892953245586	0.621169568354204	1.25145955018932	3.68639951472239	11.8097980772584	3.49544100771129	39.9009253247096	7.04838270203847e-05	0.00740634729363245	PASS	TRUE	A_ASMEAN_RA05	AS_mean	40	FALSE	""	TRUE	FALSE
GO_BP	GO:0045815	transcription initiation-coupled chromatin remodeling	56	26	2	54	2.78454609975658	0.700685376325778	1.41122799766416	4.157864201849	16.1924664440198	4.10098831731028	63.9348247918626	7.06660659208968e-05	0.00740634729363245	PASS	TRUE	A_ASMEAN_RA05	AS_mean	40	FALSE	""	TRUE	FALSE
GO_BP	GO:0000028	ribosomal small subunit assembly	17	26	1	16	3.83698609548731	0.967384449162801	1.9409474159241	5.73302477505052	46.3854622001652	6.96534692618198	308.902216404367	7.29814211612179e-05	0.00750469330808751	PASS	TRUE	A_ASMEAN_RA05	AS_mean	40	FALSE	""	TRUE	FALSE
GO_BP	GO:0045003	double-strand break repair via synthesis-dependent strand annealing	14	26	1	13	3.76070104049221	0.949843588536944	1.89904181601352	5.6223602649709	42.9785451205863	6.67949119352449	276.541324356116	7.51746281389313e-05	0.00758706895105881	PASS	TRUE	A_ASMEAN_RA05	AS_mean	40	FALSE	""	TRUE	FALSE
GO_BP	GO:0002710	negative regulation of T cell mediated immunity	30	26	2	28	2.94679415524193	0.746879117966477	1.4829379832226	4.41065032726127	19.0448010819438	4.40587105960256	82.3229829797894	7.96413775735721e-05	0.00780456898588176	PASS	TRUE	A_ASMEAN_RA05	AS_mean	39	FALSE	""	TRUE	FALSE
GO_BP	GO:0006177	GMP biosynthetic process	15	26	1	14	3.67003086659568	0.930577593103892	1.84613229929208	5.49392943389928	39.2531174517111	6.33526915148021	243.211013271286	8.01937363686933e-05	0.00780456898588176	PASS	TRUE	A_ASMEAN_RA05	AS_mean	40	FALSE	""	TRUE	FALSE
GO_BP	GO:0009163	nucleoside biosynthetic process	17	26	1	16	3.66292322111534	0.933473734082675	1.83334832179918	5.4924981204315	38.9751093706877	6.25479470101049	242.863151081786	8.71014733223506e-05	0.00793770380493512	PASS	TRUE	A_ASMEAN_RA05	AS_mean	40	FALSE	""	TRUE	FALSE
GO_BP	GO:0034404	nucleobase-containing small molecule biosynthetic process	17	26	1	16	3.66292322111534	0.933473734082675	1.83334832179918	5.4924981204315	38.9751093706877	6.25479470101049	242.863151081786	8.71014733223506e-05	0.00793770380493512	PASS	TRUE	A_ASMEAN_RA05	AS_mean	40	FALSE	""	TRUE	FALSE
GO_BP	GO:0140013	meiotic nuclear division	148	26	3	145	2.31886869593632	0.590971962610219	1.16058493334734	3.4771524585253	10.164169033588	3.19179972028467	32.3674231458782	8.71551976515988e-05	0.00793770380493512	PASS	TRUE	A_ASMEAN_RA05	AS_mean	39	FALSE	""	TRUE	FALSE
GO_BP	GO:0140588	chromatin looping	14	26	1	13	3.79254634905374	0.96670193368059	1.89784537525456	5.68724732285293	44.3692361176997	6.67150435685266	295.080241032309	8.73875648249738e-05	0.00793770380493512	PASS	TRUE	A_ASMEAN_RA05	AS_mean	40	FALSE	""	TRUE	FALSE
GO_BP	GO:1901659	glycosyl compound biosynthetic process	22	26	1	21	3.60352108111849	0.920377402369139	1.79961452029045	5.40742764194654	36.7273269351408	6.04731589748023	223.057066418966	9.03051077437058e-05	0.00794499806001008	PASS	TRUE	A_ASMEAN_RA05	AS_mean	40	FALSE	""	TRUE	FALSE
GO_BP	GO:0009164	nucleoside catabolic process	13	26	1	12	3.68809639877175	0.942029180237421	1.84175313312062	5.53443966442289	39.9686900466257	6.3075866125831	253.265834012706	9.0383464168922e-05	0.00794499806001008	PASS	TRUE	A_ASMEAN_RA05	AS_mean	40	FALSE	""	TRUE	FALSE
GO_BP	GO:0039532	negative regulation of cytoplasmic pattern recognition receptor signaling pathway	65	26	2	63	2.68754086876704	0.688624224429641	1.33786219000312	4.03721954753097	14.6954933032089	3.81088783672313	56.6685593167057	9.50986867331105e-05	0.00818903284677599	PASS	TRUE	A_ASMEAN_RA05	AS_mean	39	FALSE	""	TRUE	FALSE
GO_BP	GO:0031445	regulation of heterochromatin formation	13	26	1	12	3.67687878196793	0.942772454534241	1.8290787254644	5.52467883847147	39.5228419493481	6.22814618217173	250.805775918455	9.61647893933328e-05	0.00818903284677599	PASS	TRUE	A_ASMEAN_RA05	AS_mean	40	FALSE	""	TRUE	FALSE
GO_BP	GO:0015802	basic amino acid transport	22	26	1	21	3.50839492909329	0.904406813815532	1.73579014664222	5.28099971154435	33.3946240049961	5.67340885818606	196.566286744161	0.000104791029156615	0.00878632475236234	PASS	TRUE	A_ASMEAN_RA05	AS_mean	40	FALSE	""	TRUE	FALSE
GO_BP	GO:0009169	purine ribonucleoside monophosphate catabolic process	12	26	1	11	3.59422061795766	0.931722155043876	1.76807875047362	5.4203624854417	36.3873293024867	5.85958481545307	225.96101523709	0.000114501196182454	0.00939636156672128	PASS	TRUE	A_ASMEAN_RA05	AS_mean	40	FALSE	""	TRUE	FALSE
GO_BP	GO:0009170	purine deoxyribonucleoside monophosphate metabolic process	15	26	1	14	3.54642672484131	0.920379321416016	1.7425164027505	5.35033704693211	34.6891419139041	5.71169828706656	210.67929471131	0.000116573152493633	0.00939636156672128	PASS	TRUE	A_ASMEAN_RA05	AS_mean	40	FALSE	""	TRUE	FALSE
GO_BP	GO:0009128	purine nucleoside monophosphate catabolic process	13	26	1	12	3.56597572677243	0.925787714571842	1.75146514888197	5.38048630466289	35.3739518828968	5.76304020529158	217.127840035637	0.000117239006704045	0.00939636156672128	PASS	TRUE	A_ASMEAN_RA05	AS_mean	40	FALSE	""	TRUE	FALSE
GO_BP	GO:1901658	glycosyl compound catabolic process	19	26	1	18	3.53153926497841	0.918080524481198	1.73213450208762	5.3309440278692	34.176533889362	5.65270675480811	206.632949373712	0.000119741270782506	0.00940988558973214	PASS	TRUE	A_ASMEAN_RA05	AS_mean	40	FALSE	""	TRUE	FALSE
GO_BP	GO:0072710	response to hydroxyurea	10	26	1	9	3.86478376434379	1.00530918248377	1.89441397334819	5.83515355533939	47.6929583994417	6.64865097607532	342.117263949623	0.000120860915831422	0.00940988558973214	PASS	TRUE	A_ASMEAN_RA05	AS_mean	40	FALSE	""	TRUE	FALSE
GO_BP	GO:0030101	natural killer cell activation	55	26	2	53	2.74845336160785	0.716554793001208	1.34403177437593	4.15287494883977	15.6184570888142	3.8344721085357	63.6166322065863	0.00012523266676525	0.00961293005451565	PASS	TRUE	A_ASMEAN_RA05	AS_mean	39	FALSE	""	TRUE	FALSE
GO_BP	GO:0070424	regulation of nucleotide-binding domain, leucine rich repeat containing receptor signaling pathway	14	26	1	13	3.62631119069237	0.948746013425927	1.7668031739016	5.48581920748315	37.5739574980912	5.85211523136677	241.246494002928	0.000132258326150319	0.0100112205211006	PASS	TRUE	A_ASMEAN_RA05	AS_mean	40	FALSE	""	TRUE	FALSE
GO_BP	GO:0034656	nucleobase-containing small molecule catabolic process	15	26	1	14	3.52157759602391	0.925601282817631	1.70743241765728	5.33572277439054	33.8377687074796	5.51478362295408	207.622759002746	0.000142011857246405	0.0106022550957933	PASS	TRUE	A_ASMEAN_RA05	AS_mean	40	FALSE	""	TRUE	FALSE
GO_BP	GO:0045176	apical protein localization	11	26	1	10	3.65063029655905	0.964552257045073	1.76014261154389	5.54111798157422	38.498924142747	5.81326637418281	254.962883987462	0.000153836783966402	0.0113298712515796	PASS	TRUE	A_ASMEAN_RA05	AS_mean	40	FALSE	""	TRUE	FALSE
GO_BP	GO:0120261	regulation of heterochromatin organization	16	26	1	15	3.50976632615368	0.931357510139219	1.68433914954991	5.33519350275745	33.4404527116836	5.38888850596898	207.512899241413	0.000164269947942316	0.0118007009418297	PASS	TRUE	A_ASMEAN_RA05	AS_mean	40	FALSE	""	TRUE	FALSE
GO_BP	GO:1990918	double-strand break repair involved in meiotic recombination	12	26	1	11	3.59254900158611	0.953436391360762	1.72384801296918	5.46124999020304	36.3265544573728	5.60605920094283	235.391477585991	0.000164560233317258	0.0118007009418297	PASS	TRUE	A_ASMEAN_RA05	AS_mean	40	FALSE	""	TRUE	FALSE
GO_BP	GO:0001675	acrosome assembly	29	26	1	28	3.37161012798968	0.904419909205192	1.59897967904652	5.14424057693284	29.1253849215672	4.9479813189418	171.441238790059	0.000193062354485181	0.0136648030122628	PASS	TRUE	A_ASMEAN_RA05	AS_mean	40	FALSE	""	TRUE	FALSE
GO_BP	GO:0045047	protein targeting to ER	38	26	1	37	3.35644114112468	0.903200886759957	1.58619993227053	5.12668234997884	28.6869163100942	4.88514971179377	168.457307540771	0.000202271629298366	0.0139957867556379	PASS	TRUE	A_ASMEAN_RA05	AS_mean	40	FALSE	""	TRUE	FALSE
GO_BP	GO:0009168	purine ribonucleoside monophosphate biosynthetic process	19	26	1	18	3.38352930258791	0.911540200220002	1.59694333969628	5.17011526547954	29.474612587994	4.93791580176035	175.935115560825	0.000205724215992084	0.0139957867556379	PASS	TRUE	A_ASMEAN_RA05	AS_mean	40	FALSE	""	TRUE	FALSE
GO_BP	GO:0000722	telomere maintenance via recombination	14	26	1	13	3.45501001481365	0.931230790928296	1.62983120329944	5.28018882632786	31.6586057357241	5.10301327403071	196.406958655305	0.000207132883771005	0.0139957867556379	PASS	TRUE	A_ASMEAN_RA05	AS_mean	40	FALSE	""	TRUE	FALSE
GO_BP	GO:0034109	homotypic cell-cell adhesion	54	26	2	52	2.56633899288057	0.691906491210258	1.21022718943898	3.92245079632215	13.0180778183265	3.35424661539755	50.5241174891727	0.000208010775634252	0.0139957867556379	PASS	TRUE	A_ASMEAN_RA05	AS_mean	40	FALSE	""	TRUE	FALSE
GO_BP	GO:0043299	leukocyte degranulation	34	26	2	32	2.72432431153647	0.736222553163623	1.28135462272964	4.1672940003433	15.2461088258849	3.60151511690431	64.5405688399621	0.000215252547756767	0.0143064193326144	PASS	TRUE	A_ASMEAN_RA05	AS_mean	40	FALSE	""	TRUE	FALSE
GO_BP	GO:0033152	immunoglobulin V(D)J recombination	10	26	1	9	3.5998013326914	0.977800111176983	1.68334833070526	5.51625433467755	36.5909642931362	5.38355173800725	248.701736894085	0.000231837675746062	0.0149534882841257	PASS	TRUE	A_ASMEAN_RA05	AS_mean	39	FALSE	""	TRUE	FALSE
GO_BP	GO:0035825	homologous recombination	73	26	2	71	2.55223810903604	0.693292729722004	1.19340932803745	3.91106689003463	12.835799577545	3.29830707095686	49.9522170769583	0.00023202206459998	0.0149534882841257	PASS	TRUE	A_ASMEAN_RA05	AS_mean	40	FALSE	""	TRUE	FALSE
GO_BP	GO:0030174	regulation of DNA-templated DNA replication initiation	19	26	1	18	3.46938733633784	0.94276426114462	1.62160333858287	5.31717133409281	32.1170594605774	5.06119862967979	203.806565177136	0.000233219542045998	0.0149534882841257	PASS	TRUE	A_ASMEAN_RA05	AS_mean	40	FALSE	""	TRUE	FALSE
GO_BP	GO:0009151	purine deoxyribonucleotide metabolic process	20	26	1	19	3.29752992585425	0.897669210387989	1.53813060346328	5.05692924824522	27.0457513348932	4.65587844755367	157.107337210063	0.000239311124536112	0.0151656468456025	PASS	TRUE	A_ASMEAN_RA05	AS_mean	40	FALSE	""	TRUE	FALSE
GO_BP	GO:0030098	lymphocyte differentiation	213	26	5	208	1.90038671109931	0.5194894010923	0.882206194608124	2.9185672275905	6.68848045185601	2.41622449194702	18.5147410366705	0.000254010774939219	0.0159121692346982	PASS	TRUE	A_ASMEAN_RA05	AS_mean	40	FALSE	""	TRUE	FALSE
GO_BP	GO:0032261	purine nucleotide salvage	20	26	1	19	3.29838626092949	0.903730606574535	1.52710682031687	5.06966570154212	27.0689214796855	4.60483491651628	159.121124504441	0.000262500769160412	0.01625714990823	PASS	TRUE	A_ASMEAN_RA05	AS_mean	40	FALSE	""	TRUE	FALSE
GO_BP	GO:0000460	maturation of 5.8S rRNA	45	26	1	44	3.20653980342328	0.879382219093266	1.48298232535557	4.930097281491	24.693493883821	4.40606642965448	138.392974760056	0.00026598639372537	0.0162879308517221	PASS	TRUE	A_ASMEAN_RA05	AS_mean	40	FALSE	""	TRUE	FALSE
GO_BP	GO:0046128	purine ribonucleoside metabolic process	25	26	1	24	3.2688826417143	0.899443168372794	1.50600642556303	5.03175885786557	26.281956568843	4.50868900751878	153.20223682198	0.000278692714380245	0.0168681205542631	PASS	TRUE	A_ASMEAN_RA05	AS_mean	40	FALSE	""	TRUE	FALSE
GO_BP	GO:0009127	purine nucleoside monophosphate biosynthetic process	22	26	1	21	3.26876281087412	0.900084738210845	1.5046291409467	5.03289648080154	26.2788073685953	4.50248353384158	153.376622374125	0.00028165118723632	0.0168681205542631	PASS	TRUE	A_ASMEAN_RA05	AS_mean	40	FALSE	""	TRUE	FALSE
GO_BP	GO:1903046	meiotic cell cycle process	171	26	3	168	2.12558132598696	0.586309683167982	0.976435463190623	3.27472718878329	8.37776628606552	2.65497559667095	26.4360124559875	0.000288563660021481	0.0170269912694331	PASS	TRUE	A_ASMEAN_RA05	AS_mean	39	FALSE	""	TRUE	FALSE
GO_BP	GO:0006144	purine nucleobase metabolic process	16	26	1	15	3.36456080426473	0.930136899371552	1.54152598080473	5.18759562772473	28.9207926205545	4.67171377999027	179.037562057764	0.000297721123350298	0.0170269912694331	PASS	TRUE	A_ASMEAN_RA05	AS_mean	40	FALSE	""	TRUE	FALSE
GO_BP	GO:0048308	organelle inheritance	12	26	1	11	3.48513790296444	0.964563597484636	1.59462799109617	5.37564781483272	32.6269261494734	4.92649603079826	216.079806683759	0.000302469411765301	0.0170269912694331	PASS	TRUE	A_ASMEAN_RA05	AS_mean	39	FALSE	""	TRUE	FALSE
GO_BP	GO:0048313	Golgi inheritance	12	26	1	11	3.48513790296444	0.964563597484636	1.59462799109617	5.37564781483272	32.6269261494734	4.92649603079826	216.079806683759	0.000302469411765301	0.0170269912694331	PASS	TRUE	A_ASMEAN_RA05	AS_mean	39	FALSE	""	TRUE	FALSE
GO_BP	GO:0070199	establishment of protein localization to chromosome	16	26	1	15	3.40424974204287	0.942587038607001	1.55681309407889	5.25168639000686	30.0917107072813	4.74367947005599	190.88790863857	0.000304310715638388	0.0170269912694331	PASS	TRUE	A_ASMEAN_RA05	AS_mean	40	FALSE	""	TRUE	FALSE
GO_BP	GO:0009123	nucleoside monophosphate metabolic process	74	26	2	72	2.4592316205642	0.680938907735713	1.12461588573016	3.79384735539824	11.6958212579099	3.07903392087647	44.4269983417518	0.000304395299224123	0.0170269912694331	PASS	TRUE	A_ASMEAN_RA05	AS_mean	40	FALSE	""	TRUE	FALSE
GO_BP	GO:0043101	purine-containing compound salvage	23	26	1	22	3.23262004282061	0.895457659887539	1.47755527976052	4.9876848058807	25.3459775982199	4.38221927457534	146.596630647087	0.000306173420991641	0.0170269912694331	PASS	TRUE	A_ASMEAN_RA05	AS_mean	40	FALSE	""	TRUE	FALSE
GO_BP	GO:0141137	positive regulation of gene expression, epigenetic	60	26	2	58	2.57813141114924	0.716403218084981	1.17400690529409	3.9822559170044	13.1725011598115	3.23492875748333	53.637900495906	0.000319792717209818	0.0176047505938738	PASS	TRUE	A_ASMEAN_RA05	AS_mean	40	FALSE	""	TRUE	FALSE
GO_BP	GO:0001845	phagolysosome assembly	15	26	1	14	3.3984148972383	0.949136183607278	1.53814216094424	5.25868763353236	29.9166414929398	4.65593225809114	192.229050725929	0.000342891998661939	0.0186158043508676	PASS	TRUE	A_ASMEAN_RA05	AS_mean	40	FALSE	""	TRUE	FALSE
GO_BP	GO:0042278	purine nucleoside metabolic process	30	26	1	29	3.16464196595234	0.88423991988052	1.43156356929393	4.89772036261074	23.6802641740506	4.18523798826677	133.983996352153	0.00034499013567663	0.0186158043508676	PASS	TRUE	A_ASMEAN_RA05	AS_mean	40	FALSE	""	TRUE	FALSE
GO_BP	GO:0098974	postsynaptic actin cytoskeleton organization	18	26	1	17	3.28535371487108	0.919329121884579	1.48350174603847	5.08720568370369	26.7184333508641	4.40835562616481	161.936726812039	0.000352049374315224	0.018810481274686	PASS	TRUE	A_ASMEAN_RA05	AS_mean	40	FALSE	""	TRUE	FALSE
GO_BP	GO:0099188	postsynaptic cytoskeleton organization	21	26	1	20	3.22202134639835	0.908486477905369	1.44142056926218	5.00262212353451	25.078761846855	4.22669586847453	148.802827395827	0.000390263990517182	0.0206498907603751	PASS	TRUE	A_ASMEAN_RA05	AS_mean	40	FALSE	""	TRUE	FALSE
GO_BP	GO:0002323	natural killer cell activation involved in immune response	22	26	1	21	3.67759917370289	1.03812301351079	1.64291545569956	5.71228289170622	39.5513241359644	5.17022111104467	302.560994454654	0.000396283367929845	0.0207667726463236	PASS	TRUE	A_ASMEAN_RA05	AS_mean	44	FALSE	""	TRUE	FALSE
GO_BP	GO:2000134	negative regulation of G1/S transition of mitotic cell cycle	51	26	2	49	2.5033949864966	0.709728760636332	1.11235217685714	3.89443779613606	12.2239236500199	3.04150414276462	49.1284254065467	0.000419890667326541	0.0217796103182279	PASS	TRUE	A_ASMEAN_RA05	AS_mean	40	FALSE	""	TRUE	FALSE
GO_BP	GO:0009159	deoxyribonucleoside monophosphate catabolic process	18	26	1	17	3.18403956621759	0.903836453660648	1.41255266912831	4.95552646330686	24.144088468416	4.10642437921215	141.957322024894	0.000427005428535452	0.0217796103182279	PASS	TRUE	A_ASMEAN_RA05	AS_mean	40	FALSE	""	TRUE	FALSE
GO_BP	GO:0030183	B cell differentiation	92	26	3	89	2.15281254888756	0.611608636923087	0.954081647884679	3.35154344989045	8.60903771793454	2.5962851837785	28.5467601525021	0.000431679440140608	0.0217796103182279	PASS	TRUE	A_ASMEAN_RA05	AS_mean	40	FALSE	""	TRUE	FALSE
GO_BP	GO:0001933	negative regulation of protein phosphorylation	103	26	3	100	2.13619071196028	0.606954408644807	0.946581930758648	3.3257994931619	8.46712241084511	2.57688661214546	27.8212326387719	0.000432321641158752	0.0217796103182279	PASS	TRUE	A_ASMEAN_RA05	AS_mean	40	FALSE	""	TRUE	FALSE
GO_BP	GO:0031571	mitotic G1 DNA damage checkpoint signaling	14	26	1	13	3.33953580272117	0.950179974201685	1.47721727445467	5.20185433098767	28.2060305034269	4.38073831150995	181.608692459429	0.000440358767860375	0.0217796103182279	PASS	TRUE	A_ASMEAN_RA05	AS_mean	40	FALSE	""	TRUE	FALSE
GO_BP	GO:0046033	AMP metabolic process	24	26	1	23	3.13601490191907	0.892782337757551	1.3861936738808	4.88583612995735	23.0119788961192	3.99959727131879	132.401123611335	0.000443693242562477	0.0217796103182279	PASS	TRUE	A_ASMEAN_RA05	AS_mean	40	FALSE	""	TRUE	FALSE
GO_BP	GO:0007140	male meiotic nuclear division	43	26	1	42	3.02221709476585	0.860726567047368	1.33522402281621	4.70921016671549	20.536773219538	3.80084732757361	110.964481843573	0.000446022415484637	0.0217796103182279	PASS	TRUE	A_ASMEAN_RA05	AS_mean	39	FALSE	""	TRUE	FALSE
GO_BP	GO:0022616	DNA strand elongation	20	26	1	19	3.21839220562093	0.916839328268797	1.42142014260419	5.01536426863767	24.9879124419416	4.14299991510547	150.711026068231	0.000447580982686518	0.0217796103182279	PASS	TRUE	A_ASMEAN_RA05	AS_mean	40	FALSE	""	TRUE	FALSE
GO_BP	GO:0000212	meiotic spindle organization	15	26	1	14	3.38006058191388	0.964538245762156	1.48960035850861	5.27052080531914	29.3725505047144	4.43532262581743	194.517241683855	0.000457757244267675	0.0220776724005206	PASS	TRUE	A_ASMEAN_RA05	AS_mean	39	FALSE	""	TRUE	FALSE
GO_BP	GO:0044819	mitotic G1/S transition checkpoint signaling	15	26	1	14	3.29969406941758	0.944755360841714	1.44800758796668	5.15138055086848	27.1043456038963	4.25462909054748	172.669705156582	0.000478263789218533	0.0228643653617632	PASS	TRUE	A_ASMEAN_RA05	AS_mean	40	FALSE	""	TRUE	FALSE
GO_BP	GO:0090306	meiotic spindle assembly	10	26	1	9	3.55899610198919	1.02018167111409	1.55947676891768	5.5585154350607	35.1279145944434	4.75633193324668	259.437398624153	0.000485574387242946	0.0229654053144994	PASS	TRUE	A_ASMEAN_RA05	AS_mean	39	FALSE	""	TRUE	FALSE
GO_BP	GO:1902807	negative regulation of cell cycle G1/S phase transition	56	26	2	54	2.46145946863695	0.705932998292661	1.07785621648496	3.84506272078894	11.7219068173009	2.93837355734466	46.7616171844583	0.000488804957152647	0.0229654053144994	PASS	TRUE	A_ASMEAN_RA05	AS_mean	40	FALSE	""	TRUE	FALSE
GO_BP	GO:0006265	DNA topological change	10	26	1	9	3.79729835123829	1.09016990084825	1.66060460854611	5.93399209393047	44.5805805816282	5.26249163019834	377.659159321103	0.000495426577593108	0.023077562802414	PASS	TRUE	A_ASMEAN_RA05	AS_mean	39	FALSE	""	TRUE	FALSE
GO_BP	GO:0002521	leukocyte differentiation	321	26	6	315	1.72920379775347	0.497268785323033	0.754574887884342	2.70383270762259	5.63616459455257	2.12670724214338	14.9368708148436	0.000506296845583231	0.0233840492239712	PASS	TRUE	A_ASMEAN_RA05	AS_mean	40	FALSE	""	TRUE	FALSE
GO_BP	GO:0042092	type 2 immune response	12	26	1	11	3.42486951637432	0.988963289629551	1.48653708666814	5.36320194608049	30.7186363109422	4.42175681540495	213.407171899732	0.000534008464788578	0.0244566901940987	PASS	TRUE	A_ASMEAN_RA05	AS_mean	40	FALSE	""	TRUE	FALSE
GO_BP	GO:0032490	detection of molecule of bacterial origin	13	26	1	12	3.31372691899656	0.959509419357802	1.43312301422833	5.19433082376479	27.4873780414128	4.19176972806738	180.247485097396	0.000553231589786321	0.0248388388834101	PASS	TRUE	A_ASMEAN_RA05	AS_mean	40	FALSE	""	TRUE	FALSE
GO_BP	GO:0072599	establishment of protein localization to endoplasmic reticulum	41	26	1	40	3.0839313075887	0.893084559361406	1.33351773609152	4.83434487908588	21.8441097292144	3.79436752201122	125.756170717231	0.000554135178429255	0.0248388388834101	PASS	TRUE	A_ASMEAN_RA05	AS_mean	40	FALSE	""	TRUE	FALSE
GO_BP	GO:0060123	regulation of growth hormone secretion	10	26	1	9	3.41162935853328	0.988246494795961	1.47470182088525	5.34855689618131	30.3145973894492	4.36973261564923	210.304587423334	0.000556025384179089	0.0248388388834101	PASS	TRUE	A_ASMEAN_RA05	AS_mean	40	FALSE	""	TRUE	FALSE
GO_BP	GO:1902275	regulation of chromatin organization	34	26	1	33	3.0476435897687	0.884035065686638	1.31496669995239	4.78032047958501	21.0656465861472	3.72462695293121	119.142526674577	0.000565959879967536	0.0250770841123827	PASS	TRUE	A_ASMEAN_RA05	AS_mean	40	FALSE	""	TRUE	FALSE
GO_BP	GO:0006956	complement activation	39	26	1	38	3.04578383642746	0.884952461048588	1.31130888474214	4.78025878811277	21.0265060866418	3.71102784248936	119.135176823415	0.000577967260532112	0.0254025933056452	PASS	TRUE	A_ASMEAN_RA05	AS_mean	40	FALSE	""	TRUE	FALSE
GO_BP	GO:0071318	cellular response to ATP	18	26	1	17	3.12691883522117	0.914126404609199	1.33526400487005	4.91857366557229	22.8036095088295	3.8009992962941	136.807340937467	0.0006246857122699	0.0272362970549676	PASS	TRUE	A_ASMEAN_RA05	AS_mean	40	FALSE	""	TRUE	FALSE
GO_BP	GO:0009119	ribonucleoside metabolic process	28	26	1	27	3.04150393601114	0.891613936749131	1.29397273186887	4.78903514015341	20.9367070370577	3.64724734808187	120.185350682649	0.000646695235254681	0.0279721351756985	PASS	TRUE	A_ASMEAN_RA05	AS_mean	40	FALSE	""	TRUE	FALSE
GO_BP	GO:0045475	locomotor rhythm	11	26	1	10	3.34473861386395	0.982334439528733	1.4193984916143	5.27007873611361	28.3531635741152	4.13463267589448	194.431270605343	0.000661912274708212	0.0282158557600621	PASS	TRUE	A_ASMEAN_RA05	AS_mean	40	FALSE	""	TRUE	FALSE
GO_BP	GO:0006312	mitotic recombination	21	26	1	20	3.07387001857475	0.902865988813287	1.30428519763456	4.84345483951494	21.6254317638012	3.68505406669181	126.907038677632	0.000662684318768432	0.0282158557600621	PASS	TRUE	A_ASMEAN_RA05	AS_mean	40	FALSE	""	TRUE	FALSE
GO_BP	GO:0043217	myelin maintenance	15	26	1	14	3.23042555607755	0.950946005952799	1.36660563316785	5.09424547898724	25.2904171719973	3.92201531698398	163.080750338708	0.000681127432442437	0.028776314006289	PASS	TRUE	A_ASMEAN_RA05	AS_mean	39	FALSE	""	TRUE	FALSE
GO_BP	GO:0043584	nose development	10	26	1	9	3.3261045997577	0.980182850793711	1.40498151393823	5.24722768557717	27.8297223754246	4.07545140152481	190.038690487988	0.000690430711803527	0.028944979840994	PASS	TRUE	A_ASMEAN_RA05	AS_mean	40	FALSE	""	TRUE	FALSE
GO_BP	GO:0045739	positive regulation of DNA repair	138	26	3	135	2.00060808596181	0.591366536293012	0.841550973165311	3.15966519875832	7.39355064661264	2.31996238727495	23.5627057851725	0.000716919691792526	0.0298260482463303	PASS	TRUE	A_ASMEAN_RA05	AS_mean	40	FALSE	""	TRUE	FALSE
GO_BP	GO:2000779	regulation of double-strand break repair	145	26	3	142	1.99184394302704	0.591346221842929	0.832826645821062	3.15086124023301	7.3290356342953	2.29981031046033	23.3561711957099	0.000756274665461369	0.0312249767179126	PASS	TRUE	A_ASMEAN_RA05	AS_mean	40	FALSE	""	TRUE	FALSE
GO_BP	GO:0045730	respiratory burst	19	26	1	18	3.18053411119567	0.945618660728475	1.32715559305886	5.03391262933248	24.059600622933	3.77030384257143	153.532555015577	0.000769768349389404	0.0315431391291147	PASS	TRUE	A_ASMEAN_RA05	AS_mean	40	FALSE	""	TRUE	FALSE
GO_BP	GO:0016233	telomere capping	15	26	1	14	3.22823112853812	0.961275208136158	1.34416634136001	5.11229591571623	25.2349800327105	3.83498813660227	166.051157022743	0.000784291767060472	0.031898433809549	PASS	TRUE	A_ASMEAN_RA05	AS_mean	40	FALSE	""	TRUE	FALSE
GO_BP	GO:0050862	positive regulation of T cell receptor signaling pathway	18	26	1	17	3.05085819956705	0.913356256501863	1.26071283176907	4.84100356736503	21.1334733800012	3.52793541569849	126.59633595214	0.000836964157938847	0.0337885530427164	PASS	TRUE	A_ASMEAN_RA05	AS_mean	40	FALSE	""	TRUE	FALSE
GO_BP	GO:0046386	deoxyribose phosphate catabolic process	33	26	1	32	2.91719717398065	0.874562830100539	1.20308552476617	4.63130882319513	18.4893922174635	3.33037704652116	102.648324737974	0.000851136459440008	0.0341080419407944	PASS	TRUE	A_ASMEAN_RA05	AS_mean	40	FALSE	""	TRUE	FALSE
GO_BP	GO:0090382	phagosome maturation	25	26	1	24	2.97985676897755	0.894674779442854	1.22632642339324	4.73338711456186	19.6849969405939	3.40868444428523	113.679958026284	0.000866406104342107	0.0344665202092298	PASS	TRUE	A_ASMEAN_RA05	AS_mean	40	FALSE	""	TRUE	FALSE
GO_BP	GO:0043173	nucleotide salvage	28	26	1	27	2.93861216020927	0.883405104137978	1.20716997233998	4.67005434807856	18.8896123565421	3.34400761468966	106.703541407319	0.00087956493728235	0.0346832036976966	PASS	TRUE	A_ASMEAN_RA05	AS_mean	40	FALSE	""	TRUE	FALSE
GO_BP	GO:0022010	central nervous system myelination	18	26	1	17	3.05025612500732	0.91795661546555	1.25109421932456	4.84941803069009	21.1207532829281	3.4941642484592	127.666070487392	0.000890944682142665	0.0346832036976966	PASS	TRUE	A_ASMEAN_RA05	AS_mean	39	FALSE	""	TRUE	FALSE
GO_BP	GO:0032291	axon ensheathment in central nervous system	18	26	1	17	3.05025612500732	0.91795661546555	1.25109421932456	4.84941803069009	21.1207532829281	3.4941642484592	127.666070487392	0.000890944682142665	0.0346832036976966	PASS	TRUE	A_ASMEAN_RA05	AS_mean	39	FALSE	""	TRUE	FALSE
GO_BP	GO:0009158	ribonucleoside monophosphate catabolic process	19	26	1	18	2.96771543036635	0.895958826942858	1.21166839792759	4.7237624628051	19.447439776389	3.35908426928912	112.591076477017	0.000925208137700582	0.0356698628306632	PASS	TRUE	A_ASMEAN_RA05	AS_mean	40	FALSE	""	TRUE	FALSE
GO_BP	GO:0003376	sphingosine-1-phosphate receptor signaling pathway	17	26	1	16	3.29735028533945	0.996445743865895	1.34435251481408	5.25034805586483	27.0408932585672	3.83570217605551	190.632607710219	0.000935924841244924	0.0356698628306632	PASS	TRUE	A_ASMEAN_RA05	AS_mean	40	FALSE	""	TRUE	FALSE
GO_BP	GO:0090520	sphingolipid mediated signaling pathway	17	26	1	16	3.29735028533945	0.996445743865895	1.34435251481408	5.25034805586483	27.0408932585672	3.83570217605551	190.632607710219	0.000935924841244924	0.0356698628306632	PASS	TRUE	A_ASMEAN_RA05	AS_mean	40	FALSE	""	TRUE	FALSE
GO_BP	GO:0009125	nucleoside monophosphate catabolic process	22	26	1	21	2.93385036271584	0.889673387383173	1.19012256544107	4.67757815999061	18.7998776665409	3.28748411463189	107.509386495234	0.000974902004875834	0.0368973328234257	PASS	TRUE	A_ASMEAN_RA05	AS_mean	40	FALSE	""	TRUE	FALSE
GO_BP	GO:0006470	protein dephosphorylation	84	26	2	82	2.26756014767079	0.688262321178468	0.91859078624505	3.61652950909652	9.65581329218747	2.50575675381273	37.2082127252453	0.000985562105697722	0.0370435412141558	PASS	TRUE	A_ASMEAN_RA05	AS_mean	40	FALSE	""	TRUE	FALSE
GO_BP	GO:0010818	T cell chemotaxis	15	26	1	14	3.10356892416712	0.946245709474008	1.24896141307251	4.95817643526173	22.2773156246517	3.48671981469381	142.334003824718	0.00103852592151393	0.0387668922756914	PASS	TRUE	A_ASMEAN_RA05	AS_mean	40	FALSE	""	TRUE	FALSE
GO_BP	GO:0042255	ribosome assembly	64	26	1	63	2.84090087337508	0.866919607534766	1.14176966511534	4.54003208163482	17.1311916220437	3.13230659704829	93.6938059217245	0.00104914089378554	0.038896720211777	PASS	TRUE	A_ASMEAN_RA05	AS_mean	40	FALSE	""	TRUE	FALSE
GO_BP	GO:0006261	DNA-templated DNA replication	136	26	2	134	2.2134411589583	0.676472367937085	0.887579681265089	3.53930263665152	9.14713905634943	2.42924298804723	34.4428916036317	0.00106776415644277	0.0393196935987371	PASS	TRUE	A_ASMEAN_RA05	AS_mean	40	FALSE	""	TRUE	FALSE
GO_BP	GO:0160049	negative regulation of cGAS/STING signaling pathway	18	26	1	17	3.11732701836734	0.956530751425773	1.24256119546779	4.99209284126689	22.5859271165831	3.46447530992161	147.244260120631	0.00111808428578572	0.0408963715270617	PASS	TRUE	A_ASMEAN_RA05	AS_mean	40	FALSE	""	TRUE	FALSE
GO_BP	GO:0007127	meiosis I	110	26	2	108	2.22537372586705	0.683954084037999	0.88484835407349	3.56589909766061	9.25694171609323	2.42261698363124	35.3712413122381	0.00113917008781078	0.0413898465237916	PASS	TRUE	A_ASMEAN_RA05	AS_mean	39	FALSE	""	TRUE	FALSE
GO_BP	GO:0033628	regulation of cell adhesion mediated by integrin	45	26	2	43	2.35570563587121	0.724497150000648	0.935717314968029	3.7756939567744	10.545567567636	2.54904126755831	43.6277736021517	0.00114796018346171	0.0414329999991147	PASS	TRUE	A_ASMEAN_RA05	AS_mean	40	FALSE	""	TRUE	FALSE
GO_BP	GO:0009156	ribonucleoside monophosphate biosynthetic process	35	26	1	34	2.81980061793558	0.872891272465768	1.10896516148333	4.53063607438782	16.773506002463	3.03121994766862	92.8175811956688	0.00123610872045967	0.0443210034638502	PASS	TRUE	A_ASMEAN_RA05	AS_mean	40	FALSE	""	TRUE	FALSE
GO_BP	GO:0035162	embryonic hemopoiesis	17	26	1	16	3.06978420049359	0.953812664778138	1.20034572953027	4.93922267145692	21.537254444599	3.32126498364852	139.661644371971	0.0012889211602638	0.0458592449552794	PASS	TRUE	A_ASMEAN_RA05	AS_mean	40	FALSE	""	TRUE	FALSE
GO_BP	GO:0060612	adipose tissue development	24	26	1	23	2.8503840347363	0.886065578099843	1.11372741371995	4.58704065575265	17.2944222242954	3.04568980886161	98.2033821047575	0.0012958392152501	0.0458592449552794	PASS	TRUE	A_ASMEAN_RA05	AS_mean	40	FALSE	""	TRUE	FALSE
GO_BP	GO:0043031	negative regulation of macrophage activation	17	26	1	16	3.04263473998895	0.946553491946206	1.18742398633376	4.89784549364414	20.9603957397728	3.278624538195	134.000762957065	0.0013070147098502	0.0458761188059238	PASS	TRUE	A_ASMEAN_RA05	AS_mean	39	FALSE	""	TRUE	FALSE
GO_BP	GO:0032495	response to muramyl dipeptide	17	26	1	16	3.04832668602235	0.948721223426152	1.18886725673832	4.90778611530639	21.0800413663616	3.28335989633777	135.339456543634	0.00131315129059158	0.0458761188059238	PASS	TRUE	A_ASMEAN_RA05	AS_mean	40	FALSE	""	TRUE	FALSE
GO_BP	GO:0060292	long-term synaptic depression	12	26	1	11	3.1464152433723	0.980694176220529	1.22428997813189	5.06854050861272	23.2525602295828	3.40174990829922	158.942183230837	0.00133496520732661	0.0463411489167518	PASS	TRUE	A_ASMEAN_RA05	AS_mean	39	FALSE	""	TRUE	FALSE
GO_BP	GO:0046112	nucleobase biosynthetic process	20	26	1	19	3.03705628394874	0.947476234266428	1.1800369885789	4.89407557931857	20.8437946230322	3.25449457979292	133.496542592119	0.00134867008245847	0.0465205819582195	PASS	TRUE	A_ASMEAN_RA05	AS_mean	39	FALSE	""	TRUE	FALSE
GO_BP	GO:0051321	meiotic cell cycle	211	26	3	208	1.88058270532969	0.588043182400842	0.728039246469727	3.03312616418966	6.55732473722521	2.07101587232138	20.7620367782257	0.00138367463961386	0.0474278414207266	PASS	TRUE	A_ASMEAN_RA05	AS_mean	40	FALSE	""	TRUE	FALSE
Reactome	R-HSA-9772755	Formation of WDR5-containing histone-modifying complexes	40	26	2	38	3.84336552653482	0.719528111144157	2.43311634282814	5.25361471024151	46.682320946054	11.394335464465	191.256356784183	9.21762897390891e-08	9.15448426080096e-05	PASS	TRUE	A_ASMEAN_RA05	AS_mean	40	FALSE	""	TRUE	FALSE
Reactome	R-HSA-176974	Unwinding of DNA	12	26	1	11	5.0440337044869	0.960289071762472	3.16190170908505	6.92616569988874	155.094359783169	23.6154629940172	1018.58093752576	1.49950602142522e-07	9.15448426080096e-05	PASS	TRUE	A_ASMEAN_RA05	AS_mean	40	FALSE	""	TRUE	FALSE
Reactome	R-HSA-166663	Initial triggering of complement	16	26	1	15	4.17037229766261	0.916134066666084	2.37478252198687	5.96596207333835	64.7395500044745	10.7486753313147	389.927986993091	5.31024906842441e-06	0.00188241287681586	PASS	TRUE	A_ASMEAN_RA05	AS_mean	40	FALSE	""	TRUE	FALSE
Reactome	R-HSA-390450	Folding of actin by CCT/TriC	10	26	1	9	4.57123379214527	1.01120321355662	2.58931191252313	6.55315567176741	96.6632986491845	13.3206027091484	701.454244208054	6.16679075123952e-06	0.00188241287681586	PASS	TRUE	A_ASMEAN_RA05	AS_mean	39	FALSE	""	TRUE	FALSE
Reactome	R-HSA-9953170	GBP-mediated host defense	11	26	1	10	4.25190904135531	0.982503774956087	2.32623702776673	6.17758105494389	70.2393743068651	10.2393386008717	481.825037273391	1.50725011677635e-05	0.00368070478516784	PASS	TRUE	A_ASMEAN_RA05	AS_mean	39	FALSE	""	TRUE	FALSE
Reactome	R-HSA-9827857	Specification of primordial germ cells	12	26	1	11	4.1788116696056	0.987921297196564	2.24252150754024	6.11510183167095	65.2882231181161	9.41704652962791	452.642138329684	2.33791667297516e-05	0.00475766042950445	PASS	TRUE	A_ASMEAN_RA05	AS_mean	40	FALSE	""	TRUE	FALSE
Reactome	R-HSA-9938024	Somatic hypermutation of immunoglobulin genes	140	26	3	137	2.39050026643814	0.582297995106019	1.24921716776046	3.53178336511582	10.9189549636533	3.48761167367567	34.1848774042656	4.03813585773625e-05	0.00704366268899423	PASS	TRUE	A_ASMEAN_RA05	AS_mean	40	FALSE	""	TRUE	FALSE
Reactome	R-HSA-9755088	Ribavirin ADME	11	26	1	10	3.96138772524257	0.978921970830987	2.04273591873887	5.88003953174627	52.5301728385194	7.7116788900383	357.823386812599	5.19483278208314e-05	0.0079286135336544	PASS	TRUE	A_ASMEAN_RA05	AS_mean	40	FALSE	""	TRUE	FALSE
Reactome	R-HSA-389957	Prefoldin mediated transfer of substrate  to CCT/TriC	28	26	1	27	3.61734830658607	0.909044986436624	1.83565287284359	5.39904374032855	37.2386911925587	6.26922581690595	221.194795375729	6.91230854035216e-05	0.00937769858641109	PASS	TRUE	A_ASMEAN_RA05	AS_mean	40	FALSE	""	TRUE	FALSE
Reactome	R-HSA-68962	Activation of the pre-replicative complex	33	26	1	32	3.46905883943648	0.879179588444843	1.74589851014184	5.19221916873112	32.1065108387533	5.73104856797929	179.86726617507	7.95369949845884e-05	0.00971146708761824	PASS	TRUE	A_ASMEAN_RA05	AS_mean	40	FALSE	""	TRUE	FALSE
Reactome	R-HSA-352230	Amino acid transport across the plasma membrane	31	26	1	30	3.41638982988568	0.881044194072131	1.68957494071619	5.14320471905518	30.4592532036274	5.41717759405809	171.263741978908	0.00010546596649029	0.0109968510997823	PASS	TRUE	A_ASMEAN_RA05	AS_mean	40	FALSE	""	TRUE	FALSE
Reactome	R-HSA-3214842	HDMs demethylate histones	32	26	1	31	3.46583813142944	0.895171261367082	1.71133469915467	5.22034156370421	32.0032714833677	5.53634590473247	184.997361664602	0.000108077160685821	0.0109968510997823	PASS	TRUE	A_ASMEAN_RA05	AS_mean	39	FALSE	""	TRUE	FALSE
Reactome	R-HSA-74217	Purine salvage	13	26	1	12	3.68680589159234	0.958896383317887	1.80740351538357	5.56620826780111	39.9171434329601	6.09460232915844	261.440903572051	0.000120629726000383	0.0112875635599782	PASS	TRUE	A_ASMEAN_RA05	AS_mean	40	FALSE	""	TRUE	FALSE
Reactome	R-HSA-446353	Cell-extracellular matrix interactions	12	26	1	11	3.78907761263852	0.989947691771625	1.84881579018758	5.72933943508946	44.2155975525553	6.35229261951379	307.765901860984	0.000129423333202043	0.0112875635599782	PASS	TRUE	A_ASMEAN_RA05	AS_mean	40	FALSE	""	TRUE	FALSE
Reactome	R-HSA-1660499	Synthesis of PIPs at the plasma membrane	53	26	2	51	2.61051570384029	0.706006305694332	1.22676877182123	3.99426263585936	13.6060657432273	3.41019260403212	54.2857974620367	0.000217663530920169	0.017423398738773	PASS	TRUE	A_ASMEAN_RA05	AS_mean	40	FALSE	""	TRUE	FALSE
Reactome	R-HSA-196025	Formation of annular gap junctions	11	26	1	10	3.56017106038145	0.966012282231194	1.66682177858496	5.45352034217793	35.1692126895191	5.2953113526734	233.578998254027	0.000228316445389327	0.017423398738773	PASS	TRUE	A_ASMEAN_RA05	AS_mean	40	FALSE	""	TRUE	FALSE
Reactome	R-HSA-202424	Downstream TCR signaling	81	26	3	78	2.31238773171758	0.633206084440125	1.0713266114233	3.55344885201185	10.0985084196407	2.91924964224482	34.9335907507845	0.000260335384630246	0.0186982061549136	PASS	TRUE	A_ASMEAN_RA05	AS_mean	40	FALSE	""	TRUE	FALSE
Reactome	R-HSA-190873	Gap junction degradation	12	26	1	11	3.44989111229757	0.94936628041283	1.58916739455167	5.31061483004347	31.4969624901397	4.89966773949745	202.474677641513	0.000279181659101565	0.0189378225423895	PASS	TRUE	A_ASMEAN_RA05	AS_mean	40	FALSE	""	TRUE	FALSE
Reactome	R-HSA-3270619	IRF3-mediated induction of type I IFN	12	26	1	11	3.53785971289735	0.981056177427199	1.6150249383295	5.46069448746519	34.3932289754839	5.02801331215796	235.260753287939	0.000310744283906348	0.0199694089815606	PASS	TRUE	A_ASMEAN_RA05	AS_mean	40	FALSE	""	TRUE	FALSE
Reactome	R-HSA-9933947	Formation of the non-canonical BAF (ncBAF) complex	17	26	1	16	3.35227957435077	0.945972356538228	1.49820782516536	5.20635132353618	28.5677818572597	4.47366429301941	182.427224482942	0.000394494871725979	0.0231128813949364	PASS	TRUE	A_ASMEAN_RA05	AS_mean	40	FALSE	""	TRUE	FALSE
Reactome	R-HSA-9821002	Chromatin modifications during the maternal to zygotic transition (MZT)	36	26	1	35	3.36457260097656	0.949981175928032	1.50264371016661	5.22650149178652	28.9211337928234	4.49355303282607	186.140449161751	0.000397518844630355	0.0231128813949364	PASS	TRUE	A_ASMEAN_RA05	AS_mean	40	FALSE	""	TRUE	FALSE
Reactome	R-HSA-381038	XBP1(S) activates chaperone genes	48	26	1	47	3.10194029597296	0.878987402981574	1.37915664326468	4.82472394868124	22.2410636888106	3.97155078061322	124.552080870876	0.000417144336931795	0.0231515106997146	PASS	TRUE	A_ASMEAN_RA05	AS_mean	40	FALSE	""	TRUE	FALSE
Reactome	R-HSA-1834949	Cytosolic sensors of pathogen-associated DNA	23	26	1	22	3.21114401122187	0.913442180292958	1.42083023588792	5.00145778655581	24.8074499984405	4.14055665234948	148.629671586772	0.000439038923245953	0.0233072402297091	PASS	TRUE	A_ASMEAN_RA05	AS_mean	40	FALSE	""	TRUE	FALSE
Reactome	R-HSA-9931295	PD-L1(CD274) glycosylation and translocation to plasma membrane	21	26	1	20	3.33789590956991	0.953696119706368	1.46868586274983	5.20710595638999	28.1598135329841	4.34352340298	182.564942016518	0.000465332300099425	0.0234183609438527	PASS	TRUE	A_ASMEAN_RA05	AS_mean	40	FALSE	""	TRUE	FALSE
Reactome	R-HSA-389948	Co-inhibition by PD-1	20	26	1	19	3.28120446510529	0.939645695723351	1.43953274325944	5.12287618695114	26.6078015756965	4.2187241291043	167.817350228576	0.000479491419816803	0.0234183609438527	PASS	TRUE	A_ASMEAN_RA05	AS_mean	39	FALSE	""	TRUE	FALSE
Reactome	R-HSA-9933946	Formation of the embryonic stem cell BAF (esBAF) complex	19	26	1	18	3.17341111212563	0.920831901549246	1.36861374927357	4.97820847497768	23.8888330208264	3.92989909222763	145.213993973937	0.00056843755094676	0.026694701911769	PASS	TRUE	A_ASMEAN_RA05	AS_mean	40	FALSE	""	TRUE	FALSE
Reactome	R-HSA-5685939	HDR through MMEJ (alt-NHEJ)	12	26	1	11	3.32115374736239	0.974901376602347	1.41038216074327	5.23192533398151	27.692282031901	4.09752101657157	187.152788486729	0.000657639258433672	0.029739908686945	PASS	TRUE	A_ASMEAN_RA05	AS_mean	40	FALSE	""	TRUE	FALSE
Reactome	R-HSA-68949	Orc1 removal from chromatin	58	26	2	56	2.50675758210114	0.740029661300294	1.05632609846119	3.95718906574109	12.265096947735	2.8757862020876	52.3100789022964	0.000705650006199757	0.0307713806274965	PASS	TRUE	A_ASMEAN_RA05	AS_mean	40	FALSE	""	TRUE	FALSE
Reactome	R-HSA-8986944	Transcriptional Regulation by MECP2	17	26	1	16	3.17908560219086	0.943973259546663	1.32893201111052	5.0292391932712	24.0247753032622	3.77700743080232	152.816704480147	0.000757785588376018	0.0319053863243834	PASS	TRUE	A_ASMEAN_RA05	AS_mean	40	FALSE	""	TRUE	FALSE
Reactome	R-HSA-68867	Assembly of the pre-replicative complex	69	26	2	67	2.41975412384983	0.720842115938298	1.00692953807112	3.83257870962854	11.2430945661949	2.73718368079358	46.1814734288323	0.000788377421037671	0.0320869610362332	PASS	TRUE	A_ASMEAN_RA05	AS_mean	40	FALSE	""	TRUE	FALSE
Reactome	R-HSA-176187	Activation of ATR in response to replication stress	37	26	1	36	2.95224368050277	0.885366323751874	1.21695757282447	4.68752978818107	19.1488695107472	3.37689812224561	108.584621230973	0.000854564840842682	0.033658828086094	PASS	TRUE	A_ASMEAN_RA05	AS_mean	40	FALSE	""	TRUE	FALSE
Reactome	R-HSA-9933937	Formation of the canonical BAF (cBAF) complex	18	26	1	17	3.03789762666361	0.921160860751167	1.23245551562341	4.84333973770381	20.8613387770769	3.42964074156396	126.892432288262	0.000974103585980953	0.0371681399525857	PASS	TRUE	A_ASMEAN_RA05	AS_mean	40	FALSE	""	TRUE	FALSE
Reactome	R-HSA-9931512	Phosphorylation of CLOCK, acetylation of BMAL1 (ARNTL) at target gene promoters	11	26	1	10	3.19382204684874	0.973396516305632	1.28599993221295	5.10164416148454	24.3814365800804	3.61828418783841	164.29180762156	0.00103399032253258	0.0374196682777597	PASS	TRUE	A_ASMEAN_RA05	AS_mean	40	FALSE	""	TRUE	FALSE
Reactome	R-HSA-9933939	Formation of the polybromo-BAF (pBAF) complex	18	26	1	17	2.99221715948658	0.91255708868183	1.20363813183347	4.78079618713969	19.9298211342718	3.33221794501374	119.199217157576	0.00104198912485162	0.0374196682777597	PASS	TRUE	A_ASMEAN_RA05	AS_mean	40	FALSE	""	TRUE	FALSE
Reactome	R-HSA-9932451	SWI/SNF chromatin remodelers	24	26	1	23	2.94366033726937	0.90302906094129	1.17375590083142	4.71356477370733	18.9852115621516	3.23411687782577	111.448742168517	0.0011150551345432	0.0384405022471924	PASS	TRUE	A_ASMEAN_RA05	AS_mean	40	FALSE	""	TRUE	FALSE
Reactome	R-HSA-9634285	Constitutive Signaling by Overexpressed ERBB2	11	26	1	10	3.19523334438237	0.981597504443408	1.2713375883589	5.11912910040585	24.4158703338128	3.56561870414796	167.189700756298	0.00113338090163712	0.0384405022471924	PASS	TRUE	A_ASMEAN_RA05	AS_mean	40	FALSE	""	TRUE	FALSE
Reactome	R-HSA-9764561	Regulation of CDH1 Function	12	26	1	11	3.17058483411494	0.981635215822817	1.24661516514601	5.09455450308386	23.8214118577131	3.47854869504299	163.13115400783	0.00123832970992487	0.0408648804275206	PASS	TRUE	A_ASMEAN_RA05	AS_mean	40	FALSE	""	TRUE	FALSE
Reactome	R-HSA-202427	Phosphorylation of CD3 and TCR zeta chains	19	26	1	18	3.0371291709481	0.948189522368593	1.17871185658742	4.89554648530878	20.8453139200455	3.25018480105264	133.693047941309	0.00135965071968554	0.0426690074571892	PASS	TRUE	A_ASMEAN_RA05	AS_mean	40	FALSE	""	TRUE	FALSE
Reactome	R-HSA-9931521	The CRY:PER:kinase complex represses transactivation by the BMAL:CLOCK (ARNTL:CLOCK) complex	14	26	1	13	3.02633462445196	0.945021804606125	1.17412592281891	4.87854332608502	20.6215083228612	3.23531379360959	131.43906051703	0.00136289213008221	0.0426690074571892	PASS	TRUE	A_ASMEAN_RA05	AS_mean	40	FALSE	""	TRUE	FALSE
Reactome	R-HSA-977606	Regulation of Complement cascade	46	26	1	45	2.78304924577202	0.875325464183671	1.06744286122122	4.49865563032282	16.1682468172478	2.90793399365637	89.8961963076576	0.00147557325208466	0.0450418735198842	PASS	TRUE	A_ASMEAN_RA05	AS_mean	40	FALSE	""	TRUE	FALSE
Reactome	R-HSA-210991	Basigin interactions	25	26	1	24	2.94123025338678	0.927588128819686	1.12319092841329	4.75926957836026	18.9391319169045	3.07464955347212	116.660683283677	0.00152000693956065	0.045266548126916	PASS	TRUE	A_ASMEAN_RA05	AS_mean	39	FALSE	""	TRUE	FALSE
Reactome	R-HSA-3214841	PKMTs methylate histone lysines	52	26	1	51	2.67405469897275	0.845562939453267	1.01678179098253	4.33132760696298	14.4986377824117	2.76428438898256	76.0451776898935	0.0015644494247861	0.0454807797062816	PASS	TRUE	A_ASMEAN_RA05	AS_mean	35	FALSE	""	TRUE	FALSE
Reactome	R-HSA-8948751	Regulation of PTEN stability and activity	56	26	2	54	2.26422117034731	0.718742074541912	0.855512590071555	3.67292975062306	9.62362651592669	2.35257998069982	39.367072778753	0.00163127735783146	0.045962944121013	PASS	TRUE	A_ASMEAN_RA05	AS_mean	40	FALSE	""	TRUE	FALSE
Reactome	R-HSA-1169091	Activation of NF-kappaB in B cells	54	26	2	52	2.27165113803211	0.72228972744411	0.855989285838401	3.68731299022582	9.69539604241598	2.35370171295906	39.9373904950422	0.00166047577536186	0.045962944121013	PASS	TRUE	A_ASMEAN_RA05	AS_mean	40	FALSE	""	TRUE	FALSE
Reactome	R-HSA-9934037	Formation of neuronal progenitor and neuronal BAF (npBAF and nBAF)	25	26	1	24	2.81975875393082	0.898234670077163	1.05925115091436	4.58026635694728	16.7728038110263	2.88421034209214	97.5403713028468	0.00169396599954593	0.045962944121013	PASS	TRUE	A_ASMEAN_RA05	AS_mean	40	FALSE	""	TRUE	FALSE
Reactome	R-HSA-9920588	Dengue virus activates/modulates innate and adaptive immune responses	31	26	1	30	2.80252404508359	0.895733820776539	1.04691801662712	4.55813007354006	16.4862062278384	2.84885744277296	95.4049127576779	0.00175553699908402	0.0465980581713388	PASS	TRUE	A_ASMEAN_RA05	AS_mean	40	FALSE	""	TRUE	FALSE
