dataset	family	target_id	frozen_n	common_scored_n	observed_meanZ	meanZ_percentile	P_emp_meanZ	q_BH_meanZ	observed_medianZ	medianZ_percentile	P_emp_medianZ	q_BH_medianZ	matched_set_n	meanZ_status	medianZ_status	biological_label
PGC	A	D01	27	25	0.389221	0.7039	0.2961703829617038	0.871012898710129	0.34307	0.6386	0.3614638536146385	0.6950304969503049	10000	PRIMARY_COMPLEMENTARY	SUPPORTIVE	Purine nucleotide metabolism and biosynthesis
SPARK	A	D01	27	25	0.01880384	0.3986	0.6014398560143985	0.8284171582841716	-0.054013	0.3087	0.6913308669133087	0.9094090590940906	10000	PRIMARY_COMPLEMENTARY	SUPPORTIVE	Purine nucleotide metabolism and biosynthesis
PGC	A	M01	17	16	0.2013493125	0.4226	0.5774422557744225	0.871012898710129	0.365455	0.648	0.3520647935206479	0.6950304969503049	10000	PRIMARY_COMPLEMENTARY	SUPPORTIVE	Purine nucleotide catabolism
SPARK	A	M01	17	16	-0.1876165	0.1716	0.8284171582841716	0.8284171582841716	-0.132095	0.2888	0.7112288771122888	0.9094090590940906	10000	PRIMARY_COMPLEMENTARY	SUPPORTIVE	Purine nucleotide catabolism
PGC	A	M02	34	31	0.121558064516129	0.2524	0.7476252374762524	0.871012898710129	0.12603	0.3116	0.6884311568843116	0.9125087491250876	10000	PRIMARY_COMPLEMENTARY	SUPPORTIVE	Amino-acid transport
SPARK	A	M02	34	31	-0.0371634935483871	0.2946	0.7054294570542946	0.8284171582841716	0.0089287	0.4069	0.5931406859314069	0.9094090590940906	10000	PRIMARY_COMPLEMENTARY	SUPPORTIVE	Amino-acid transport
PGC	A	M03	23	22	0.0971117727272727	0.2185	0.7815218478152185	0.871012898710129	0.0247694999999999	0.1896	0.8104189581041896	0.9125087491250876	10000	PRIMARY_COMPLEMENTARY	SUPPORTIVE	Purine salvage
SPARK	A	M03	23	22	0.0520032272727272	0.4543	0.5457454254574543	0.8284171582841716	-0.125275	0.2137	0.7863213678632137	0.9094090590940906	10000	PRIMARY_COMPLEMENTARY	SUPPORTIVE	Purine salvage
PGC	A	M04	42	39	0.1681326205128205	0.3586	0.6414358564143585	0.871012898710129	0.26745	0.6236	0.3764623537646235	0.6950304969503049	10000	PRIMARY_COMPLEMENTARY	SUPPORTIVE	Lymphocyte and T-cell proliferation
SPARK	A	M04	42	39	0.0913304615384615	0.5943	0.4057594240575942	0.8284171582841716	0.36324	0.9513	0.0487951204879512	0.3415658434156584	10000	PRIMARY_COMPLEMENTARY	SUPPORTIVE	Lymphocyte and T-cell proliferation
PGC	A	M05	387	374	0.1819970154278075	0.129	0.871012898710129	0.871012898710129	0.13722	0.0875	0.9125087491250876	0.9125087491250876	10000	PRIMARY_COMPLEMENTARY	SUPPORTIVE	Lymphocyte and T-cell activation
SPARK	A	M05	387	374	0.0710385011764705	0.5818	0.4182581741825817	0.8284171582841716	0.090513	0.7285	0.2715728427157284	0.9094090590940906	10000	PRIMARY_COMPLEMENTARY	SUPPORTIVE	Lymphocyte and T-cell activation
PGC	A	M06	28	26	0.2765515	0.6236	0.3764623537646235	0.871012898710129	0.25607	0.6029	0.3971602839716028	0.6950304969503049	10000	PRIMARY_COMPLEMENTARY	SUPPORTIVE	CCT/TriC-mediated actin folding
SPARK	A	M06	28	26	-0.1604984615384615	0.1813	0.8187181281871813	0.8284171582841716	-0.321975	0.0906	0.9094090590940906	0.9094090590940906	10000	PRIMARY_COMPLEMENTARY	SUPPORTIVE	CCT/TriC-mediated actin folding
PGC	B	SA001	10	10	0.5121889999999999	0.7789	0.2211778822117788	0.9313568643135688	0.92798	0.9686	0.0314968503149685	0.2814218578142186	10000	PRIMARY_COMPLEMENTARY	SUPPORTIVE	DNA recombinase assembly
SPARK	B	SA001	10	10	-0.6072915999999999	0.0208	0.9792020797920208	0.983801619838016	-1.031355	0.0026	0.9974002599740026	0.9974002599740026	10000	PRIMARY_COMPLEMENTARY	SUPPORTIVE	DNA recombinase assembly
PGC	B	SA002	10	10	-0.1235037999999999	0.1117	0.8883111688831117	0.9687281271872812	0.097441	0.3219	0.6781321867813219	0.925832416758324	10000	PRIMARY_COMPLEMENTARY	SUPPORTIVE	DNA topological change
SPARK	B	SA002	10	10	-0.240886	0.1791	0.8209179082091791	0.983801619838016	-0.5116499999999999	0.0756	0.9244075592440756	0.9974002599740026	10000	PRIMARY_COMPLEMENTARY	SUPPORTIVE	DNA topological change
PGC	B	SA003	215	209	0.1706407639712918	0.1058	0.8942105789421058	0.9687281271872812	0.14979	0.1454	0.8546145385461453	0.925832416758324	10000	PRIMARY_COMPLEMENTARY	SUPPORTIVE	DNA recombination
SPARK	B	SA003	215	209	0.1323050140669856	0.8092	0.1908809119088091	0.674957504249575	0.14914	0.849	0.1510848915108489	0.7233776622337766	10000	PRIMARY_COMPLEMENTARY	SUPPORTIVE	DNA recombination
PGC	B	SA004	18	18	0.4522472222222222	0.7862	0.2138786121387861	0.9313568643135688	0.31098	0.6112	0.3888611138886111	0.925832416758324	10000	PRIMARY_COMPLEMENTARY	SUPPORTIVE	SRP-dependent cotranslational protein targeting to membrane
SPARK	B	SA004	18	18	0.5411843722222223	0.9684	0.0316968303169683	0.4120587941205879	0.30666	0.7775	0.2225777422257774	0.7233776622337766	10000	PRIMARY_COMPLEMENTARY	SUPPORTIVE	SRP-dependent cotranslational protein targeting to membrane
PGC	B	SA005	13	13	0.2654114615384615	0.4707	0.5293470652934706	0.9313568643135688	0.17663	0.338	0.662033796620338	0.925832416758324	10000	PRIMARY_COMPLEMENTARY	SUPPORTIVE	detection of molecule of bacterial origin
SPARK	B	SA005	13	13	-0.1270484615384615	0.1761	0.823917608239176	0.983801619838016	0.45253	0.7973	0.2027797220277972	0.7233776622337766	10000	PRIMARY_COMPLEMENTARY	SUPPORTIVE	detection of molecule of bacterial origin
PGC	B	SA006	16	15	0.2974390666666666	0.564	0.4360563943605639	0.9313568643135688	0.81439	0.9568	0.0432956704329567	0.2814218578142186	10000	PRIMARY_COMPLEMENTARY	SUPPORTIVE	protein localization to phagophore assembly site
SPARK	B	SA006	16	15	0.1335271333333333	0.6121	0.387961203879612	0.9523714295237145	0.12399	0.6051	0.394960503949605	0.9008099190080991	10000	PRIMARY_COMPLEMENTARY	SUPPORTIVE	protein localization to phagophore assembly site
PGC	B	SA007	11	11	0.0180245454545454	0.2451	0.7549245075492451	0.9687281271872812	-0.10268	0.1838	0.8162183781621838	0.925832416758324	10000	PRIMARY_COMPLEMENTARY	SUPPORTIVE	locomotor rhythm
SPARK	B	SA007	11	11	0.5144535454545454	0.9335	0.0665933406659334	0.4328567143285671	0.67421	0.9589	0.0411958804119588	0.5355464453554645	10000	PRIMARY_COMPLEMENTARY	SUPPORTIVE	locomotor rhythm
PGC	B	SA008	25	24	0.2377450833333333	0.4466	0.5534446555344466	0.9313568643135688	0.4149899999999999	0.7452	0.2548745125487451	0.8283421657834216	10000	PRIMARY_COMPLEMENTARY	SUPPORTIVE	purine ribonucleoside metabolic process
SPARK	B	SA008	25	24	0.2254033333333333	0.7924	0.2076792320767923	0.674957504249575	0.097075	0.5843	0.4157584241575842	0.9008099190080991	10000	PRIMARY_COMPLEMENTARY	SUPPORTIVE	purine ribonucleoside metabolic process
PGC	B	SA009	10	9	0.2309185222222222	0.4269	0.5731426857314269	0.9313568643135688	-0.088534	0.204	0.796020397960204	0.925832416758324	10000	PRIMARY_COMPLEMENTARY	SUPPORTIVE	response to hydroxyurea
SPARK	B	SA009	10	9	-0.2942066666666666	0.1398	0.8602139786021398	0.983801619838016	-0.22998	0.2373	0.7627237276272373	0.9974002599740026	10000	PRIMARY_COMPLEMENTARY	SUPPORTIVE	response to hydroxyurea
PGC	B	SA010	14	13	0.4723807692307691	0.7412	0.2588741125887411	0.9313568643135688	0.51887	0.7686	0.2314768523147685	0.8283421657834216	10000	PRIMARY_COMPLEMENTARY	SUPPORTIVE	mitotic DNA replication
SPARK	B	SA010	14	13	-0.1441127692307692	0.2576	0.7424257574242575	0.983801619838016	-0.13528	0.3357	0.6643335666433356	0.9974002599740026	10000	PRIMARY_COMPLEMENTARY	SUPPORTIVE	mitotic DNA replication
PGC	B	SA011	11	11	-0.607241	0.0043	0.9957004299570044	0.9957004299570044	-0.36781	0.0606	0.9394060593940606	0.9394060593940606	10000	PRIMARY_COMPLEMENTARY	SUPPORTIVE	Ribavirin ADME
SPARK	B	SA011	11	11	-0.1739167272727272	0.2236	0.7764223577642235	0.983801619838016	-0.53006	0.0544	0.9456054394560544	0.9974002599740026	10000	PRIMARY_COMPLEMENTARY	SUPPORTIVE	Ribavirin ADME
PGC	B	SA012	12	12	-0.00634	0.1819	0.8181181881811819	0.9687281271872812	-0.007025	0.2117	0.7883211678832117	0.925832416758324	10000	PRIMARY_COMPLEMENTARY	SUPPORTIVE	Specification of primordial germ cells
SPARK	B	SA012	12	12	-0.5779633333333333	0.0162	0.9838016198380162	0.983801619838016	-0.739295	0.0104	0.9896010398960104	0.9974002599740026	10000	PRIMARY_COMPLEMENTARY	SUPPORTIVE	Specification of primordial germ cells
PGC	B	SA013	11	11	0.3702253636363636	0.5939	0.4061593840615938	0.9313568643135688	0.25834	0.5114	0.4886511348865113	0.925832416758324	10000	PRIMARY_COMPLEMENTARY	SUPPORTIVE	GBP-mediated host defense
SPARK	B	SA013	11	11	0.1116499999999999	0.5605	0.4395560443955604	0.9523714295237145	-0.21394	0.2134	0.7866213378662134	0.9974002599740026	10000	PRIMARY_COMPLEMENTARY	SUPPORTIVE	GBP-mediated host defense
