replicate_id	seed	n_MDV2	n_MDV3	n_Tier1	reference_B_MDV4	runtime_sec
1	20260910	33	169	4	8861	12529.556905508041
2	20260911	56	98	11	8688	35282.663078308105
3	20260912	34	49	10	8450	8424.539284467697
4	20260913	41	114	3	8133	5434.317036390305
5	20260914	29	105	15	8792	2132.130649328232
6	20260915	19	60	17	8003	3399.0693900585175
7	20260916	23	52	10	8489	9590.575445890427
8	20260917	40	85	13	7963	1182.3940827846527
9	20260918	27	88	14	8850	1740.8666760921478
10	20260919	42	156	13	8849	2890.0623683929443
11	20260920	29	42	0	7792	1346.9469094276428
12	20260921	27	92	20	8344	1135.5522892475128
13	20260922	46	91	15	8200	1663.5977561473846
14	20260923	61	123	15	8145	3441.4607117176056
15	20260924	48	136	20	9269	1332.6385927200317
16	20260925	88	130	0	7719	986.3023672103882
17	20260926	23	84	5	8546	1838.6079099178314
18	20260927	30	118	18	8154	2950.427098751068
19	20260928	53	92	0	8308	1721.8301434516907
20	20260929	34	77	12	8341	1215.1027789115906
21	20260930	29	139	2	8366	1831.3719110488892
22	20260931	38	118	18	7829	1226.4340374469757
23	20260932	33	117	17	9056	1679.2694113254547
24	20260933	50	175	24	8714	1880.1469881534576
25	20260934	32	125	21	8681	2497.368493080139
26	20260935	59	162	24	8490	1236.8200368881226
27	20260936	36	96	13	8491	1366.683125257492
28	20260937	29	153	16	8354	1316.4585638046265
29	20260938	32	158	21	8119	2406.958716392517
30	20260939	52	101	20	8123	1091.6613199710846
31	20260940	57	148	36	8467	1430.6173145771027
32	20260941	19	64	11	8197	1211.6686124801636
33	20260942	21	71	13	7356	1390.085283279419
34	20260943	29	97	10	8032	1559.8013215065002
35	20260944	33	116	0	7305	1046.7014515399933
36	20260945	64	162	17	7915	1407.6701469421387
37	20260946	63	211	21	8617	1496.9856686592102
38	20260947	46	104	6	8359	1261.486176252365
39	20260948	43	111	11	7838	1095.3203766345978
40	20260949	40	121	11	9036	951.6943602561951
41	20260950	37	174	29	8486	1311.1972966194153
42	20260951	53	200	22	8472	1293.0216765403748
43	20260952	38	105	10	8495	831.3483848571777
44	20260953	42	105	3	8209	1389.1531257629395
45	20260954	22	72	10	8212	1596.2250456809998
46	20260955	33	135	30	8358	1364.9996483325958
47	20260956	25	83	21	8181	1277.640320301056
48	20260957	75	165	16	8532	875.5485138893127
49	20260958	43	65	3	7333	1902.5945591926575
50	20260959	46	193	8	9022	976.9396727085114
51	20260960	67	134	14	8071	2124.487800359726
52	20260961	24	134	18	8703	1867.238534450531
53	20260962	42	168	0	7691	2098.4624688625336
54	20260963	27	73	13	7728	1503.612312555313
55	20260964	51	130	20	8469	1582.8763065338135
56	20260965	58	88	16	8255	1849.2429933547974
57	20260966	32	246	33	7879	1673.519568681717
58	20260967	15	83	16	8015	1432.9606351852417
59	20260968	28	102	16	8643	2169.4075179100037
60	20260969	37	241	7	8338	1511.834758758545
61	20260970	21	58	8	7977	2004.5033490657806
62	20260971	55	149	12	8533	1659.0671722888947
63	20260972	50	145	15	7810	1477.8524844646454
64	20260973	38	92	14	8361	1470.5700645446777
65	20260974	22	153	20	8497	1393.6415824890137
66	20260975	28	229	31	8309	1395.373824596405
67	20260976	20	75	14	8332	1950.8833286762238
68	20260977	25	76	15	8861	2268.878425359726
69	20260978	36	109	18	8538	1751.4955518245697
70	20260979	25	75	20	7755	1963.0579278469086
71	20260980	38	110	13	8071	1982.3180844783783
72	20260981	19	81	12	8359	2227.569237947464
73	20260982	46	148	19	8080	1281.9998598098755
74	20260983	33	116	11	8664	1327.4760258197784
75	20260984	33	52	8	7494	2352.850573539734
76	20260985	18	76	0	8386	2348.0542891025543
77	20260986	28	140	11	8276	1700.770114660263
78	20260987	37	133	18	7946	1424.2611484527588
79	20260988	41	101	15	8041	2162.1349766254425
80	20260989	54	138	23	8987	1592.7091734409332
81	20260990	18	113	18	7200	1740.466469526291
82	20260991	21	137	9	7677	1708.9020175933838
83	20260992	44	144	30	8697	1576.8431069850922
84	20260993	46	143	29	8358	2249.2550780773163
85	20260994	34	111	15	7994	1716.7484061717987
86	20260995	23	65	11	8100	2004.0477404594421
87	20260996	37	129	17	8328	1945.314691066742
88	20260997	55	112	14	8509	1659.1989016532898
89	20260998	29	109	27	8016	1825.3385562896729
90	20260999	55	200	28	8180	2073.238023996353
91	20261000	21	77	6	7189	1574.661777973175
92	20261001	28	136	4	8385	1504.9922742843628
93	20261002	40	112	0	8285	1908.7204501628876
94	20261003	44	162	19	8188	1319.913625240326
95	20261004	54	156	18	8688	1993.4816133975983
96	20261005	37	58	8	8392	1913.1922461986542
97	20261006	41	85	2	8364	2654.5069131851196
98	20261007	34	131	27	8641	2163.526928663254
99	20261008	35	90	25	8544	1967.6568839550018
100	20261009	35	70	9	8911	1973.1662440299988
101	20261010	52	124	15	8006	1794.666746377945
102	20261011	26	96	20	8173	1898.3774254322052
103	20261012	46	119	17	9078	2382.000200986862
104	20261013	43	87	1	9008	2317.9326848983765
105	20261014	34	101	19	8343	1812.6591801643372
106	20261015	27	135	16	8516	1727.634250164032
107	20261016	37	128	0	8513	2354.9643125534058
108	20261017	35	101	18	7978	1585.4726371765137
109	20261018	29	88	27	8832	2298.5992681980133
110	20261019	30	70	4	8318	2276.2273716926575
111	20261020	31	94	5	8692	1971.0882782936096
112	20261021	29	70	9	7803	1583.9304676055908
113	20261022	31	104	14	8408	2746.1154651641846
114	20261023	45	126	21	8341	2348.21147108078
115	20261024	52	170	30	9013	1620.5963463783264
116	20261025	41	170	15	8176	1597.1086900234222
117	20261026	49	105	20	8432	2783.9168560504913
118	20261027	36	78	19	8376	2801.144375562668
119	20261028	50	100	13	8385	2277.780704498291
120	20261029	31	109	0	9035	1889.0602383613586
121	20261030	44	110	3	8299	2505.8617041110992
122	20261031	32	119	16	8235	2354.983330488205
123	20261032	22	52	11	7969	2286.4511790275574
124	20261033	24	89	16	8322	1623.5965676307678
125	20261034	28	102	10	8501	2138.5496096611023
126	20261035	23	78	18	8157	2534.641548395157
127	20261036	62	169	28	7526	1569.488948583603
128	20261037	21	121	15	8327	1491.2434659004211
129	20261038	42	124	3	8470	3904.8667981624603
130	20261039	29	65	6	8671	1775.2320914268494
131	20261040	33	98	3	8375	1637.1146576404572
132	20261041	21	84	21	8133	1575.347202539444
133	20261042	50	162	25	8286	2076.0054659843445
134	20261043	38	154	27	7692	2629.0190584659576
135	20261044	46	146	14	7690	1894.0580561161041
136	20261045	38	144	24	8545	2307.9890851974487
137	20261046	47	127	16	8176	2126.79291844368
138	20261047	31	113	14	7613	1830.6917760372162
139	20261048	52	141	16	8549	1952.9026446342468
140	20261049	19	68	7	8176	1496.2613561153412
141	20261050	54	113	23	8671	1681.7131130695343
142	20261051	21	64	15	8267	2480.4165873527527
143	20261052	36	146	12	8522	1566.8278753757477
144	20261053	28	112	14	8192	2199.918984889984
145	20261054	32	123	9	8846	1590.229915857315
146	20261055	30	114	16	7129	1749.6928541660309
147	20261056	48	119	20	7623	1554.4655573368073
148	20261057	26	73	21	8348	2254.3647623062134
149	20261058	26	158	14	7753	2081.775804042816
150	20261059	60	143	18	7765	1671.6760668754578
151	20261060	32	54	0	7476	1878.9351408481598
152	20261061	57	119	1	8301	1552.9399108886719
153	20261062	32	89	8	8132	1683.669009923935
154	20261063	25	121	15	8714	2439.7408764362335
155	20261064	36	88	0	8667	2195.637813806534
156	20261065	29	135	34	8005	1838.9014279842377
157	20261066	42	140	19	8289	1501.05522108078
158	20261067	45	141	6	7776	1677.070612668991
159	20261068	22	102	17	8363	1849.8293771743774
160	20261069	32	71	0	8392	1538.5431578159332
161	20261070	36	156	0	8332	2433.471786260605
162	20261071	31	97	22	8117	1702.1558969020844
163	20261072	25	85	6	8195	2257.254463672638
164	20261073	36	82	20	9197	1905.008031129837
165	20261074	66	133	15	8701	2053.219905614853
166	20261075	31	73	8	8671	2156.898556470871
167	20261076	44	206	33	8578	1509.4120647907257
168	20261077	20	97	13	8445	1437.1344392299652
169	20261078	54	146	16	7515	1646.5900552272797
170	20261079	22	88	16	8706	1673.2542340755463
171	20261080	41	70	0	7934	1564.0886628627777
172	20261081	39	171	23	7857	2282.579939842224
173	20261082	53	161	20	7931	2175.910087585449
174	20261083	55	169	29	8492	2145.809853553772
175	20261084	32	69	8	8490	2281.2129967212677
176	20261085	31	53	0	8512	1396.496713399887
177	20261086	40	112	0	8369	2201.9836554527283
178	20261087	24	103	10	8353	2220.9537794589996
179	20261088	33	115	3	7186	2209.0559809207916
180	20261089	52	178	39	8006	2215.6951434612274
181	20261090	20	88	0	7591	2144.1487946510315
182	20261091	27	118	17	7835	1737.0374021530151
183	20261092	70	123	20	8224	1854.7302596569061
184	20261093	26	74	3	8322	1864.9706151485443
185	20261094	35	150	30	8115	1679.4461526870728
186	20261095	66	153	23	7711	1705.273938179016
187	20261096	54	210	5	7829	1886.1725873947144
188	20261097	25	88	0	8089	1498.436645269394
189	20261098	25	65	11	7839	2457.2362599372864
190	20261099	47	97	15	8141	2408.7994978427887
191	20261100	39	114	19	8142	1897.4788382053375
192	20261101	44	137	24	8198	1522.4347574710846
193	20261102	39	91	15	7855	2195.001312971115
194	20261103	40	77	11	7707	1823.445147037506
195	20261104	35	93	16	8187	1537.6816601753235
196	20261105	44	151	16	7568	1818.9397311210632
197	20261106	61	106	15	8821	1961.7033944129944
198	20261107	43	103	0	7719	2444.127996444702
199	20261108	29	161	20	8063	1845.9282488822937
200	20261109	47	123	11	7591	2095.0835316181183
201	20261110	33	137	20	8864	1755.516727924347
202	20261111	49	51	0	8089	1665.3249599933624
203	20261112	40	86	5	9027	1505.1265473365784
204	20261113	34	152	27	8674	2123.6599559783936
205	20261114	29	93	19	8615	1230.77756357193
206	20261115	11	82	25	8881	1996.7468702793121
207	20261116	31	97	11	8447	1132.2138538360596
208	20261117	18	101	0	7887	2163.5780415534973
209	20261118	40	138	23	8328	942.5762984752655
210	20261119	45	126	22	7793	1481.5824217796326
211	20261120	30	101	30	8657	1004.6210498809814
212	20261121	25	95	12	7659	1252.9438643455505
213	20261122	31	91	14	8818	898.7253878116608
214	20261123	71	139	18	7990	1355.054053068161
215	20261124	31	88	14	8315	845.2698922157288
216	20261125	44	131	0	7855	954.3680272102356
217	20261126	29	77	24	8146	679.2076652050018
218	20261127	41	108	0	7053	751.2128624916077
219	20261128	50	121	10	8883	921.2495620250702
220	20261129	37	105	15	8313	643.402046918869
221	20261130	24	102	13	8286	1010.3417189121246
222	20261131	28	102	38	8196	964.6804456710815
223	20261132	60	101	31	8230	750.1027429103851
224	20261133	39	99	13	8316	682.8141644001007
225	20261134	23	121	1	7942	1164.717135667801
226	20261135	32	141	20	8837	739.8373050689697
227	20261136	36	116	3	7506	1511.743026971817
228	20261137	30	90	6	8457	1002.7902030944824
229	20261138	20	99	13	7828	793.0450601577759
230	20261139	32	71	15	8523	1051.225004196167
231	20261140	46	145	25	8885	965.1771647930145
232	20261141	43	90	0	8903	1023.8977708816528
233	20261142	25	156	34	7768	889.7541282176971
234	20261143	64	220	39	7804	774.8225083351135
235	20261144	46	133	12	8535	1043.9914739131927
236	20261145	31	115	19	8007	1470.0435981750488
237	20261146	55	135	16	8318	944.3876178264618
238	20261147	49	219	21	7235	912.2780463695526
239	20261148	35	64	0	7997	845.8841874599457
240	20261149	51	216	40	8013	1244.1896545886993
241	20261150	43	152	20	8182	834.7353451251984
242	20261151	48	115	24	7355	896.4387359619141
243	20261152	33	116	23	7903	743.1183233261108
244	20261153	22	41	6	8202	813.484790802002
245	20261154	27	65	25	8491	729.4072313308716
246	20261155	42	101	20	7279	1028.3420469760895
247	20261156	36	102	18	8003	687.2891054153442
248	20261157	40	148	28	8343	1006.4103105068207
249	20261158	31	103	11	7441	478.4778997898102
250	20261159	31	135	21	8340	906.8326642513275
251	20261160	61	164	28	7834	1435.5844585895538
252	20261161	50	81	14	8185	1676.2218182086945
253	20261162	32	67	20	9021	1166.0279653072357
254	20261163	52	109	16	8775	1186.9272191524506
255	20261164	41	158	14	8697	1668.030092716217
256	20261165	41	110	21	9447	1736.4864649772644
257	20261166	44	131	8	8167	929.8739991188049
258	20261167	27	114	0	8300	898.3852796554565
259	20261168	89	208	22	8716	1710.1614654064178
260	20261169	29	119	4	7639	1220.321552991867
261	20261170	31	70	16	8693	1132.7265627384186
262	20261171	63	119	17	7602	1280.699113368988
263	20261172	27	99	15	8054	1486.146816253662
264	20261173	30	72	0	8849	1735.48237991333
265	20261174	38	96	19	8663	1307.5155582427979
266	20261175	26	126	3	7810	1166.2247774600983
267	20261176	43	125	4	8217	1509.250429391861
268	20261177	18	20	1	8342	1757.707396030426
269	20261178	41	119	17	8008	1112.5108416080475
270	20261179	33	130	8	7975	1275.6267986297607
271	20261180	31	207	15	8253	1512.5442323684692
272	20261181	24	41	0	8852	1821.0733568668365
273	20261182	47	107	0	8148	1072.2233672142029
274	20261183	31	87	8	8185	1142.072651386261
275	20261184	34	115	11	9194	1184.469017982483
276	20261185	48	139	22	7777	1778.8277578353882
277	20261186	42	106	1	8362	814.2561764717102
278	20261187	52	104	17	9202	796.4531252384186
279	20261188	76	153	15	8222	1246.6234891414642
280	20261189	39	66	10	8126	1407.0229337215424
281	20261190	21	85	12	8895	1075.2325112819672
282	20261191	22	121	20	8540	1071.149382352829
283	20261192	67	103	16	7777	1588.3943350315094
284	20261193	30	87	8	8402	1668.8939933776855
285	20261194	42	101	14	7501	865.7839818000793
286	20261195	26	112	15	8665	926.2737257480621
287	20261196	45	90	0	7957	1617.2894449234009
288	20261197	28	78	18	7995	2059.1344141960144
289	20261198	61	158	24	8428	913.9355826377869
290	20261199	59	143	20	8014	1075.588232755661
291	20261200	41	109	26	8668	1394.7922401428223
292	20261201	32	87	10	8513	1075.9248962402344
293	20261202	33	117	22	8670	847.9230279922485
294	20261203	29	29	2	8508	1212.1999950408936
295	20261204	33	108	0	8004	1313.423092842102
296	20261205	17	60	0	8698	1224.4627809524536
297	20261206	36	107	18	8486	1207.4249861240387
298	20261207	31	29	7	8164	1207.132036447525
299	20261208	24	76	0	7803	1027.2759022712708
300	20261209	24	158	22	8671	1008.1611320972443
301	20261210	30	110	18	8326	1053.9063847064972
302	20261211	24	91	7	8289	1034.5425097942352
303	20261212	23	58	9	8119	980.1640751361847
304	20261213	31	56	0	7868	1011.4723989963531
305	20261214	43	103	18	7570	1250.1087684631348
306	20261215	22	91	9	8829	992.1549777984619
307	20261216	30	103	19	8885	1015.8032922744751
308	20261217	53	191	25	8148	807.6496825218201
309	20261218	32	141	14	8705	1169.529361486435
310	20261219	22	83	2	9066	822.2601096630096
311	20261220	34	99	8	8338	1001.199874162674
312	20261221	15	89	11	8579	1035.0934853553772
313	20261222	37	111	18	8434	1104.1485888957977
314	20261223	48	118	3	7948	804.0897877216339
315	20261224	45	77	16	7967	1196.3282761573792
316	20261225	32	101	14	7643	1024.3085510730743
317	20261226	33	71	12	8513	961.7926683425903
318	20261227	33	73	18	8649	940.2953109741211
319	20261228	26	124	0	8160	832.3496899604797
320	20261229	11	93	16	8097	1199.1754021644592
321	20261230	53	141	21	8258	817.2473225593567
322	20261231	33	111	27	7927	936.6908288002014
323	20261232	40	96	0	7076	1210.2806849479675
324	20261233	29	111	14	7659	834.4786400794983
325	20261234	48	121	8	7513	985.7707145214081
326	20261235	44	96	17	8471	982.5899467468262
327	20261236	20	91	5	8714	749.6923019886017
328	20261237	22	82	3	8299	1218.3546628952026
329	20261238	35	105	17	7993	959.0584592819214
330	20261239	29	97	16	8814	819.2895760536194
331	20261240	35	140	17	8273	1038.7312819957733
332	20261241	26	104	2	7363	775.8262586593628
333	20261242	58	219	22	8816	974.467845916748
334	20261243	39	157	25	8399	792.5330455303192
335	20261244	60	190	0	7947	866.0878202915192
336	20261245	24	100	25	7533	1015.6194288730621
337	20261246	30	104	17	8849	968.814768075943
338	20261247	35	123	12	8132	878.9056115150452
339	20261248	85	214	21	8122	1003.7101662158966
340	20261249	42	87	19	8497	1162.3879525661469
341	20261250	31	76	14	7863	787.0626087188721
342	20261251	22	101	13	7486	973.2762775421143
343	20261252	38	148	20	8137	1015.5365862846375
344	20261253	34	96	3	8334	735.9175617694855
345	20261254	20	73	7	8367	1174.9867849349976
346	20261255	51	110	12	8529	989.9203968048096
347	20261256	21	54	11	8135	998.1485052108765
348	20261257	25	114	19	7860	978.4439182281494
349	20261258	26	128	18	8702	811.1573889255524
350	20261259	32	168	18	7839	801.7775905132294
351	20261260	41	122	13	8012	839.0361328125
352	20261261	32	84	16	7809	1002.4159841537476
353	20261262	44	128	21	8858	826.1500587463379
354	20261263	61	107	7	7274	1177.133377790451
355	20261264	42	112	21	8187	1022.4551947116852
356	20261265	32	94	0	8695	1003.6490271091461
357	20261266	43	88	2	8293	851.3751378059387
358	20261267	24	45	6	8201	1088.2403736114502
359	20261268	53	159	18	7927	796.0372378826141
360	20261269	21	168	23	7996	996.7575197219849
361	20261270	27	153	0	8381	979.5592103004456
362	20261271	37	115	0	8189	1157.1996080875397
363	20261272	24	115	0	8500	1193.0773165225983
364	20261273	31	100	2	8637	783.8086757659912
365	20261274	32	187	22	8021	1007.0129084587097
366	20261275	36	141	20	7364	980.8242604732513
367	20261276	41	106	26	8488	992.6892101764679
368	20261277	27	87	22	8639	823.9734973907471
369	20261278	31	163	28	8318	959.5460798740387
370	20261279	37	80	15	8118	1187.4178009033203
371	20261280	43	119	4	8113	996.580162525177
372	20261281	29	73	0	7846	1246.755517244339
373	20261282	28	54	3	8478	812.2219278812408
374	20261283	19	27	10	9052	1196.3913328647614
375	20261284	32	72	16	8741	904.6035013198853
376	20261285	27	164	28	8665	1254.9272937774658
377	20261286	51	169	21	7853	1020.1763732433319
378	20261287	37	161	21	8522	770.5928151607513
379	20261288	45	174	25	8742	1059.3862264156342
380	20261289	40	140	19	8673	768.8166561126709
381	20261290	44	122	22	8858	1151.858486175537
382	20261291	38	130	20	7418	863.8045120239258
383	20261292	52	94	2	9208	1084.9298827648163
384	20261293	29	48	4	8508	1032.2600736618042
385	20261294	27	94	14	8130	988.160989522934
386	20261295	28	85	4	8489	772.2288062572479
387	20261296	55	132	24	7967	1030.1098794937134
388	20261297	30	90	12	9043	836.0329511165619
389	20261298	36	118	3	8200	964.4544670581818
390	20261299	39	125	0	7271	970.6563966274261
391	20261300	52	69	14	8033	998.8526749610901
392	20261301	34	60	7	8854	1208.2368857860565
393	20261302	42	147	23	8511	792.6726448535919
394	20261303	36	99	11	8296	1119.7548696994781
395	20261304	33	106	10	8474	820.921305179596
396	20261305	42	117	19	7543	1090.3311440944672
397	20261306	33	129	25	8314	972.6401970386505
398	20261307	53	170	12	8233	730.4530799388885
399	20261308	47	162	25	8313	1071.0980322360992
400	20261309	21	95	21	7664	1291.0326299667358
401	20261310	30	85	0	8667	1164.2942905426025
402	20261311	32	119	17	8260	1157.68456697464
403	20261312	46	96	1	8919	1293.5105645656586
404	20261313	29	152	23	7649	864.3012363910675
405	20261314	31	179	24	7375	1102.4670085906982
406	20261315	71	209	45	8383	836.262443780899
407	20261316	39	100	0	7696	1115.931344985962
408	20261317	24	105	32	7659	933.863222360611
409	20261318	36	123	20	9043	966.5639705657959
410	20261319	23	72	16	8526	1112.408619403839
411	20261320	42	121	29	8428	1247.92866563797
412	20261321	29	151	13	8672	785.4333574771881
413	20261322	39	118	15	8500	941.6273279190063
414	20261323	52	200	22	8296	787.8391561508179
415	20261324	26	91	24	8306	819.0723485946655
416	20261325	34	105	15	8479	1064.594922542572
417	20261326	61	187	26	9440	1087.1142494678497
418	20261327	33	118	15	8491	759.1873638629913
419	20261328	37	108	13	8902	1205.8517813682556
420	20261329	11	54	3	8319	821.2188739776611
421	20261330	31	137	35	8027	732.3149268627167
422	20261331	34	128	0	8531	769.0116589069366
423	20261332	49	103	10	8845	1172.1698043346405
424	20261333	28	100	0	7666	999.8467907905579
425	20261334	68	174	15	8668	776.5826308727264
426	20261335	34	140	4	8438	1104.3786897659302
427	20261336	37	178	17	8697	847.3892550468445
428	20261337	58	128	21	9076	980.8966546058655
429	20261338	28	69	13	8666	905.0479707717896
430	20261339	46	201	17	8614	731.2159507274628
431	20261340	37	130	17	7787	1161.0138738155365
432	20261341	51	118	21	8848	792.1786921024323
433	20261342	28	125	15	8147	1105.5949985980988
434	20261343	24	72	20	8700	750.8462569713593
435	20261344	16	84	2	8211	798.9956426620483
436	20261345	59	130	34	8147	974.0324892997742
437	20261346	28	162	20	7598	1076.3560674190521
438	20261347	23	96	5	7948	930.2169079780579
439	20261348	44	116	3	8875	1151.0431468486786
440	20261349	36	80	14	9201	1140.3551692962646
441	20261350	35	92	14	8011	898.8331906795502
442	20261351	23	122	3	8515	1083.6575002670288
443	20261352	35	90	19	8445	1158.8255512714386
444	20261353	32	114	16	8088	768.2167177200317
445	20261354	33	86	12	8836	811.344051361084
446	20261355	33	74	26	7765	764.7797627449036
447	20261356	30	115	21	7948	785.7878062725067
448	20261357	50	124	16	8222	941.6435377597809
449	20261358	44	175	25	8833	868.8291506767273
450	20261359	28	122	28	8857	1047.4673385620117
451	20261360	29	193	11	8384	970.7808787822723
452	20261361	34	160	28	8322	948.5059611797333
453	20261362	39	76	12	8654	1045.1213102340698
454	20261363	30	121	15	7420	814.8862044811249
455	20261364	33	84	0	8406	731.5070934295654
456	20261365	25	70	7	8688	763.4505252838135
457	20261366	33	79	7	8346	1036.8356409072876
458	20261367	33	110	34	7651	830.4304826259613
459	20261368	41	95	13	7838	714.0308611392975
460	20261369	40	130	30	8829	946.1764631271362
461	20261370	33	119	4	8156	874.0626528263092
462	20261371	37	126	3	8377	1039.6317718029022
463	20261372	16	57	0	8229	937.717202425003
464	20261373	23	113	4	8297	889.7962679862976
465	20261374	12	48	3	7998	862.8047606945038
466	20261375	37	161	20	8533	853.7218821048737
467	20261376	55	210	24	8436	703.8938059806824
468	20261377	43	145	23	8807	652.350159406662
469	20261378	43	96	3	7785	657.5816197395325
470	20261379	17	98	11	8186	871.2125468254089
471	20261380	44	157	22	8685	736.6968836784363
472	20261381	55	151	12	9042	668.441314458847
473	20261382	25	107	8	8028	695.403370141983
474	20261383	71	124	12	8020	1004.2998163700104
475	20261384	28	98	0	9022	897.2344410419464
476	20261385	36	146	27	8182	734.8737397193909
477	20261386	50	130	14	7641	859.3509454727173
478	20261387	40	87	8	7948	853.4119460582733
479	20261388	44	143	12	8508	705.1261465549469
480	20261389	24	91	15	8984	727.0685708522797
481	20261390	49	216	22	7639	730.269565820694
482	20261391	28	116	16	8330	855.2548427581787
483	20261392	20	68	8	7204	1037.2204382419586
484	20261393	35	65	10	7981	928.2612879276276
485	20261394	19	39	8	8352	668.8054645061493
486	20261395	20	78	15	7541	983.9147844314575
487	20261396	44	101	12	8673	826.62499833107
488	20261397	47	132	28	7970	884.7259905338287
489	20261398	43	117	21	8477	1003.2904670238495
490	20261399	39	116	20	8549	700.5261273384094
491	20261400	35	117	14	7576	823.0512232780457
492	20261401	44	124	16	8859	706.8606209754944
493	20261402	9	126	15	8164	875.167964220047
494	20261403	35	89	6	8164	880.6404345035553
495	20261404	67	137	17	9013	736.3363826274872
496	20261405	48	136	2	8470	849.9338188171387
497	20261406	39	175	19	8018	650.7097504138947
498	20261407	49	128	18	7871	925.5820899009705
499	20261408	47	173	45	9026	728.8396556377411
500	20261409	17	82	0	8845	800.789571762085
501	20261410	28	75	4	8479	708.3011844158173
502	20261411	53	123	23	8105	685.6664431095123
503	20261412	56	147	4	8062	705.7248113155365
504	20261413	26	101	9	8563	781.2141420841217
505	20261414	33	124	23	7715	1020.5987393856049
506	20261415	47	87	14	8677	899.2454884052277
507	20261416	25	99	4	8170	1009.3546366691589
508	20261417	55	129	3	8137	861.1986863613129
509	20261418	38	109	3	8448	878.2111999988556
510	20261419	33	141	26	7508	876.0972266197205
511	20261420	59	199	24	9215	840.5392909049988
512	20261421	39	99	12	8501	809.8311560153961
513	20261422	34	80	15	8735	716.0580410957336
514	20261423	55	151	16	7733	781.1332213878632
515	20261424	40	86	0	8006	707.0774013996124
516	20261425	62	179	17	8499	816.6638071537018
517	20261426	43	154	23	8661	935.0077352523804
518	20261427	28	92	20	8204	1045.1794760227203
519	20261428	35	73	10	8154	808.1488177776337
520	20261429	40	86	21	7520	733.0142879486084
521	20261430	20	85	20	8695	720.9298367500305
522	20261431	60	158	30	7905	875.3839294910431
523	20261432	59	115	16	7719	845.4782359600067
524	20261433	27	99	16	8009	645.483235836029
525	20261434	79	207	23	8675	861.7144002914429
526	20261435	28	74	3	8320	912.0045392513275
527	20261436	64	220	29	7988	654.774135351181
528	20261437	41	178	20	8366	636.6366288661957
529	20261438	24	115	23	7504	860.3149902820587
530	20261439	55	115	0	8091	704.6038451194763
531	20261440	28	118	29	8167	825.998428106308
532	20261441	33	109	0	7988	610.0584681034088
533	20261442	21	107	22	8112	693.8637156486511
534	20261443	45	98	19	8885	868.8381443023682
535	20261444	17	73	12	8211	867.8397524356842
536	20261445	31	177	26	8279	640.8517498970032
537	20261446	34	77	10	8017	1054.4204607009888
538	20261447	49	152	22	8189	892.0485196113586
539	20261448	44	185	21	8544	841.9827418327332
540	20261449	15	66	4	7763	837.6806263923645
541	20261450	30	130	17	7697	909.706794500351
542	20261451	62	245	24	8510	897.2842557430267
543	20261452	43	106	12	7010	998.5274066925049
544	20261453	25	67	7	7696	820.5907077789307
545	20261454	23	104	0	8135	725.5349757671356
546	20261455	39	116	3	7709	1040.9671256542206
547	20261456	37	94	13	8187	1007.7143647670746
548	20261457	52	154	32	7820	953.7055099010468
549	20261458	29	44	8	7788	669.3444306850433
550	20261459	40	134	5	8121	1078.6786239147186
551	20261460	55	94	22	8872	803.7274599075317
552	20261461	37	104	9	8247	998.4967534542084
553	20261462	31	99	2	8364	1053.3354077339172
554	20261463	39	72	12	7980	1067.996824979782
555	20261464	40	96	20	8661	612.1687972545624
556	20261465	22	46	0	7955	717.2869322299957
557	20261466	38	99	0	7620	890.5921714305878
558	20261467	53	218	19	8529	865.415510892868
559	20261468	42	70	5	8691	986.1657972335815
560	20261469	58	140	17	7821	661.9385006427765
561	20261470	20	106	4	7581	700.9585621356964
562	20261471	32	83	13	8199	895.9582283496857
563	20261472	48	106	4	8662	996.4888751506805
564	20261473	25	71	7	8872	831.2687492370605
565	20261474	34	108	12	8520	1019.9488525390625
566	20261475	21	101	7	7880	693.7591669559479
567	20261476	60	132	26	8747	1027.443384885788
568	20261477	36	123	18	8171	606.7907116413116
569	20261478	31	97	21	7839	1042.783528327942
570	20261479	38	121	18	8122	1020.3880925178528
571	20261480	38	89	18	7389	858.6666338443756
572	20261481	57	136	35	8039	639.2489778995514
573	20261482	35	115	13	7464	707.7895007133484
574	20261483	28	136	10	7750	865.0961844921112
575	20261484	86	143	11	8228	820.9696261882782
576	20261485	27	105	0	8898	843.6916663646698
577	20261486	49	100	16	7716	868.0238738059998
578	20261487	23	114	19	9420	881.0441360473633
579	20261488	22	183	38	7723	719.2925851345062
580	20261489	54	113	18	8049	799.6768133640289
581	20261490	44	138	19	8833	859.3690333366394
582	20261491	24	67	3	8957	630.9885804653168
583	20261492	32	39	11	8128	991.9361741542816
584	20261493	25	114	10	8570	845.8261413574219
585	20261494	32	133	23	9233	664.8793499469757
586	20261495	44	158	11	8614	989.365033864975
587	20261496	43	74	19	8709	1022.4678370952606
588	20261497	28	85	16	8141	648.004852771759
589	20261498	36	201	23	7797	724.7108626365662
590	20261499	37	133	17	8692	645.6228241920471
591	20261500	34	93	0	8267	859.4314546585083
592	20261501	51	125	11	7996	880.132651090622
593	20261502	41	50	4	8635	669.7999365329742
594	20261503	34	88	0	7964	861.3675916194916
595	20261504	58	126	10	9105	1027.630096912384
596	20261505	41	137	24	7825	860.2037060260773
597	20261506	46	144	3	8474	821.360107421875
598	20261507	57	139	28	8574	691.7396173477173
599	20261508	31	101	3	8165	696.6821880340576
600	20261509	38	66	12	8695	868.1047985553741
601	20261510	24	86	14	7821	862.2464458942413
602	20261511	30	132	27	8535	685.0966701507568
603	20261512	45	124	16	7840	1013.7481417655945
604	20261513	25	84	18	7604	864.948187828064
605	20261514	57	161	5	8222	796.4171023368835
606	20261515	19	83	12	8150	809.6609628200531
607	20261516	30	90	12	8902	737.4003715515137
608	20261517	31	128	0	8494	873.2782912254333
609	20261518	30	98	17	8308	721.4977796077728
610	20261519	44	101	3	8194	850.6924741268158
611	20261520	55	183	23	8179	734.5276367664337
612	20261521	19	132	12	8179	660.3727650642395
613	20261522	44	133	25	7733	847.6870350837708
614	20261523	44	133	7	8843	702.6259090900421
615	20261524	50	127	20	8117	737.1340034008026
616	20261525	31	119	19	8846	748.9542200565338
617	20261526	54	147	20	8535	830.0850965976715
618	20261527	33	112	9	8996	777.4317915439606
619	20261528	35	72	0	8518	814.2650032043457
620	20261529	25	118	21	8163	700.8219590187073
621	20261530	24	100	14	7963	858.9702808856964
622	20261531	32	87	14	8196	843.3970849514008
623	20261532	24	66	13	8909	984.4763572216034
624	20261533	36	148	21	8050	717.8673648834229
625	20261534	45	140	7	8163	1035.2870976924896
626	20261535	33	89	0	8184	914.2848646640778
627	20261536	24	142	0	8690	665.1510701179504
628	20261537	66	167	32	7498	866.2185490131378
629	20261538	52	89	11	7993	1032.2812111377716
630	20261539	52	108	3	8363	700.6311955451965
631	20261540	24	117	18	8813	872.6194884777069
632	20261541	42	156	5	8974	680.8211524486542
633	20261542	28	138	11	9586	1017.6871914863586
634	20261543	48	113	28	7426	821.7364399433136
635	20261544	55	110	1	8159	1040.6801056861877
636	20261545	20	215	25	8312	648.7497639656067
637	20261546	37	162	0	8383	885.9005918502808
638	20261547	51	132	11	8344	876.9558999538422
639	20261548	33	105	21	8179	1010.1042380332947
640	20261549	41	171	4	8531	855.594801902771
641	20261550	36	153	35	8483	752.9308888912201
642	20261551	41	133	25	8886	839.6329946517944
643	20261552	23	81	14	7716	824.8571357727051
644	20261553	20	69	15	7832	825.4393584728241
645	20261554	24	132	7	8093	666.7380447387695
646	20261555	36	149	0	7971	690.4452188014984
647	20261556	31	112	0	7308	673.5247826576233
648	20261557	24	114	12	8324	851.4555380344391
649	20261558	33	101	16	8178	753.012951374054
650	20261559	57	150	24	8966	846.5656189918518
651	20261560	39	76	4	7689	719.4844560623169
652	20261561	39	138	13	7959	1013.2249584197998
653	20261562	40	89	13	8007	1015.2071363925934
654	20261563	33	65	0	8875	1008.3420896530151
655	20261564	37	97	4	8661	653.7817823886871
656	20261565	49	93	13	8844	853.90203166008
657	20261566	50	93	0	8082	1006.0223150253296
658	20261567	52	138	7	8195	896.8333747386932
659	20261568	23	98	24	8017	744.2707731723785
660	20261569	25	134	3	8672	993.501656293869
661	20261570	20	76	4	8438	866.3135435581207
662	20261571	28	131	13	8157	859.8337638378143
663	20261572	50	147	2	8171	984.2010259628296
664	20261573	37	107	16	8143	702.7788562774658
665	20261574	38	122	6	8660	673.3531739711761
666	20261575	37	56	5	8352	1002.8282494544983
667	20261576	49	144	3	8501	682.9896175861359
668	20261577	28	157	23	8526	666.6685740947723
669	20261578	38	131	7	8325	681.5285694599152
670	20261579	51	90	12	7685	848.4416422843933
671	20261580	16	59	16	7869	1036.3675038814545
672	20261581	45	142	0	7879	829.0114002227783
673	20261582	54	118	13	8181	840.8344886302948
674	20261583	27	161	17	8306	680.9875640869141
675	20261584	22	78	8	9240	678.478354215622
676	20261585	31	74	17	8045	873.7232677936554
677	20261586	36	148	15	8155	991.6130225658417
678	20261587	19	117	9	7723	721.1954965591431
679	20261588	35	111	28	8227	836.6941006183624
680	20261589	33	107	18	8704	849.3139629364014
681	20261590	58	160	33	8659	871.6571922302246
682	20261591	36	165	13	8291	865.7352893352509
683	20261592	31	73	7	8345	856.5788516998291
684	20261593	57	81	13	7948	1073.7793128490448
685	20261594	29	193	17	7372	841.0210440158844
686	20261595	55	138	7	8496	859.2190992832184
687	20261596	39	184	29	8876	703.7634754180908
688	20261597	62	129	25	8197	976.0413362979889
689	20261598	35	143	2	7283	1026.4360918998718
690	20261599	38	144	34	8475	905.1144027709961
691	20261600	25	87	0	8343	900.9603073596954
692	20261601	78	166	21	8310	996.0987069606781
693	20261602	39	88	0	7897	861.3162989616394
694	20261603	53	114	18	7823	869.1089968681335
695	20261604	27	67	9	8313	752.3454716205597
696	20261605	24	158	24	7694	1024.5355598926544
697	20261606	31	38	1	8016	872.1153824329376
698	20261607	59	136	16	8182	867.536328792572
699	20261608	24	97	0	7012	653.5930032730103
700	20261609	39	83	13	7504	1018.9349126815796
701	20261610	42	142	24	8578	859.6431465148926
702	20261611	39	100	14	8269	762.1703095436096
703	20261612	37	86	15	8495	806.9691598415375
704	20261613	43	94	12	9032	989.8919265270233
705	20261614	57	91	12	8017	855.9644594192505
706	20261615	35	112	22	8865	714.5065002441406
707	20261616	44	115	0	8476	845.5806775093079
708	20261617	30	102	15	8526	835.1648397445679
709	20261618	27	69	12	8218	1023.9772007465363
710	20261619	29	87	13	8145	1038.6905543804169
711	20261620	36	146	25	7966	646.0231499671936
712	20261621	57	189	36	8533	715.5862379074097
713	20261622	32	157	22	8332	756.1729238033295
714	20261623	24	92	10	7872	845.3555691242218
715	20261624	33	71	13	7870	730.4113054275513
716	20261625	37	17	1	8230	850.6688928604126
717	20261626	38	120	13	8000	859.4043228626251
718	20261627	47	157	20	7994	723.9428324699402
719	20261628	44	147	22	7969	866.6773135662079
720	20261629	39	135	24	8058	1000.8824162483215
721	20261630	35	110	19	8167	1040.6062104701996
722	20261631	34	152	12	8518	664.2005848884583
723	20261632	21	72	7	8177	641.2068090438843
724	20261633	41	110	15	8203	874.753796339035
725	20261634	43	172	29	8131	685.5756359100342
726	20261635	35	169	34	8525	867.213879108429
727	20261636	52	228	51	8095	825.2938344478607
728	20261637	42	76	13	9024	809.9607105255127
729	20261638	33	166	24	8322	660.0078825950623
730	20261639	35	73	2	8179	858.1167752742767
731	20261640	28	123	23	9012	818.4847738742828
732	20261641	64	69	7	8731	849.3572297096252
733	20261642	28	41	0	7671	685.0197732448578
734	20261643	36	131	15	8124	691.3090858459473
735	20261644	37	79	11	7794	687.0333678722382
736	20261645	12	86	14	7916	676.9682166576385
737	20261646	46	104	3	8162	615.637927532196
738	20261647	44	151	7	8495	659.1331858634949
739	20261648	20	153	18	8609	693.7731420993805
740	20261649	29	103	18	6890	682.2459201812744
741	20261650	26	103	0	8846	725.4595284461975
742	20261651	41	188	10	7818	969.2767376899719
743	20261652	31	181	7	8325	1028.6658096313477
744	20261653	36	103	11	7727	831.7686898708344
745	20261654	56	150	24	8452	1041.4243087768555
746	20261655	25	69	17	8218	1031.246366262436
747	20261656	36	99	15	8513	724.3745963573456
748	20261657	71	110	19	8002	875.4354441165924
749	20261658	50	138	15	8009	843.34618973732
750	20261659	26	150	29	8466	724.4276978969574
751	20261660	31	91	15	7945	847.0499098300934
752	20261661	40	166	10	8704	699.4213762283325
753	20261662	23	82	20	8877	688.457799911499
754	20261663	44	140	24	8018	839.3471915721893
755	20261664	56	163	28	8287	880.8228695392609
756	20261665	57	186	24	9005	814.5397636890411
757	20261666	52	204	24	8347	869.3752572536469
758	20261667	41	114	3	8319	988.3866217136383
759	20261668	64	132	24	8126	839.676228761673
760	20261669	40	177	25	8886	901.6655397415161
761	20261670	21	101	11	7350	625.2500777244568
762	20261671	43	118	18	9034	997.7052912712097
763	20261672	42	98	10	7936	904.9512991905212
764	20261673	46	117	19	7873	737.9487156867981
765	20261674	62	163	8	8161	743.5453310012817
766	20261675	74	169	47	9056	843.3512558937073
767	20261676	31	104	3	7625	716.31396651268
768	20261677	22	94	2	8635	1024.2132766246796
769	20261678	23	88	2	8654	1011.4783711433411
770	20261679	36	58	2	8313	833.230268239975
771	20261680	43	210	24	7998	734.8604662418365
772	20261681	42	167	14	8191	683.8891725540161
773	20261682	29	76	11	8668	864.7407851219177
774	20261683	37	92	16	8155	827.8109760284424
775	20261684	19	92	3	8551	983.305825471878
776	20261685	38	100	4	7495	861.8923666477203
777	20261686	29	102	15	8679	866.2911386489868
778	20261687	37	100	0	7188	996.9538059234619
779	20261688	61	152	25	7925	858.8014206886292
780	20261689	59	121	15	8046	690.2261986732483
781	20261690	36	124	18	8195	995.8000915050507
782	20261691	43	126	19	8692	641.9699504375458
783	20261692	11	60	17	7651	973.4961602687836
784	20261693	34	110	16	8181	680.3677458763123
785	20261694	30	76	4	8018	831.0243752002716
786	20261695	35	137	33	8001	680.4647970199585
787	20261696	29	76	0	7960	870.008594751358
788	20261697	44	157	17	8339	683.698163986206
789	20261698	26	129	28	7811	633.036604642868
790	20261699	19	129	12	8401	822.6997964382172
791	20261700	54	97	19	8203	1022.5828716754913
792	20261701	32	176	22	7179	1031.0710635185242
793	20261702	32	127	19	8677	832.2433772087097
794	20261703	49	171	19	8014	994.9703249931335
795	20261704	43	111	24	7511	642.2652499675751
796	20261705	44	115	3	8721	725.9095475673676
797	20261706	85	226	23	7686	835.6903183460236
798	20261707	74	146	20	8144	826.7294392585754
799	20261708	60	123	23	7633	670.6229419708252
800	20261709	28	139	34	8001	873.4928908348083
801	20261710	30	79	13	8186	1016.9879810810089
802	20261711	32	80	16	8328	999.5831305980682
803	20261712	28	110	0	8537	1041.8562216758728
804	20261713	29	139	8	8242	720.1316766738892
805	20261714	57	166	16	8403	985.8026802539825
806	20261715	32	97	20	8855	976.3860566616058
807	20261716	41	145	1	8703	758.9357209205627
808	20261717	67	113	2	8367	704.5804631710052
809	20261718	36	84	13	7285	842.3631916046143
810	20261719	28	73	18	8861	1000.7681851387024
811	20261720	14	106	15	8346	860.406919002533
812	20261721	43	73	14	8187	898.3189985752106
813	20261722	34	102	18	7996	844.14209151268
814	20261723	32	90	10	8249	823.7967238426208
815	20261724	72	181	20	8034	847.1621894836426
816	20261725	41	122	14	8471	872.3949267864227
817	20261726	25	146	22	7982	1000.5093724727631
818	20261727	57	142	21	8503	980.629789352417
819	20261728	39	113	15	8654	861.1302828788757
820	20261729	31	115	11	8112	888.8020665645599
821	20261730	37	137	22	8883	643.8879001140594
822	20261731	65	152	14	8127	620.6603059768677
823	20261732	17	83	5	8085	1020.2148225307465
824	20261733	32	114	13	8664	854.0323095321655
825	20261734	52	168	7	7777	820.4572882652283
826	20261735	26	161	24	8304	638.7641043663025
827	20261736	29	65	17	7433	919.1284565925598
828	20261737	39	125	20	8472	1010.6787121295929
829	20261738	38	168	47	7472	610.0061721801758
830	20261739	21	75	6	8328	662.7872114181519
831	20261740	39	164	19	7978	759.0005593299866
832	20261741	35	146	9	8495	1022.0452456474304
833	20261742	40	128	9	9076	820.3806853294373
834	20261743	31	107	10	8470	991.9734137058258
835	20261744	75	145	3	9401	894.3989338874817
836	20261745	24	88	2	8146	1080.8746387958527
837	20261746	21	131	16	8511	684.5326898097992
838	20261747	56	174	22	7670	804.2745261192322
839	20261748	45	137	17	8111	916.7991454601288
840	20261749	21	164	17	8128	888.7255153656006
841	20261750	48	127	18	8265	971.3221247196198
842	20261751	27	137	7	7852	791.6112060546875
843	20261752	22	127	19	7868	885.6021437644958
844	20261753	51	69	0	8155	881.9136471748352
845	20261754	26	78	0	7882	816.5711512565613
846	20261755	29	86	16	9111	803.3722715377808
847	20261756	20	43	10	7387	1134.235763311386
848	20261757	23	91	13	8849	1148.6743321418762
849	20261758	21	151	22	8211	621.3742392063141
850	20261759	47	140	35	8659	954.9321269989014
851	20261760	53	168	17	9376	758.286459684372
852	20261761	25	170	13	8202	990.224404335022
853	20261762	24	116	13	7849	968.2584133148193
854	20261763	31	76	8	8097	808.9596605300903
855	20261764	21	73	19	8115	990.5109255313873
856	20261765	46	109	18	8354	892.4644753932953
857	20261766	78	205	19	7672	952.3329169750214
858	20261767	33	118	21	8085	784.4055635929108
859	20261768	33	83	3	8619	1043.2450442314148
860	20261769	46	116	23	8909	994.0279288291931
861	20261770	27	121	16	7643	767.2243459224701
862	20261771	47	124	17	7973	946.1903095245361
863	20261772	20	150	19	8505	931.2604532241821
864	20261773	52	107	11	7930	991.1477975845337
865	20261774	39	132	16	8719	932.8260385990143
866	20261775	25	89	16	7864	766.1345736980438
867	20261776	38	121	7	7149	1181.6498200893402
868	20261777	57	171	3	7969	1273.4423730373383
869	20261778	32	133	3	8583	903.50568151474
870	20261779	37	90	19	8513	777.2985572814941
871	20261780	78	144	0	8320	1381.7076437473297
872	20261781	46	105	6	7722	1403.8675854206085
873	20261782	28	74	8	8506	965.05118227005
874	20261783	62	103	10	8343	709.1475811004639
875	20261784	31	139	20	7821	954.1699624061584
876	20261785	24	108	5	7880	1493.1123712062836
877	20261786	49	165	22	8220	827.3422374725342
878	20261787	44	116	15	9250	849.6715829372406
879	20261788	36	102	1	8360	1310.3512856960297
880	20261789	48	118	21	8128	822.378030538559
881	20261790	35	129	0	8522	600.7678034305573
882	20261791	35	137	20	8337	651.2439482212067
883	20261792	26	92	11	8591	1279.6846017837524
884	20261793	27	129	28	8687	1194.5513298511505
885	20261794	22	65	19	8146	788.7514986991882
886	20261795	43	85	14	7647	794.9171872138977
887	20261796	28	169	0	7966	1138.493150472641
888	20261797	64	83	16	8854	1474.2215712070465
889	20261798	32	71	4	8015	895.9579555988312
890	20261799	30	192	33	8451	725.4920470714569
891	20261800	51	107	25	7992	1834.1122267246246
892	20261801	44	114	12	8290	1414.9740748405457
893	20261802	64	200	18	8552	915.9481117725372
894	20261803	23	88	7	8343	569.2544250488281
895	20261804	32	163	18	7253	1508.555998802185
896	20261805	54	175	5	7633	1234.6947224140167
897	20261806	43	120	31	9052	877.8609251976013
898	20261807	39	129	7	8043	568.0384888648987
899	20261808	47	127	18	8167	1703.0022745132446
900	20261809	41	169	15	8813	1256.7981531620026
901	20261810	42	147	22	8354	1038.5177454948425
902	20261811	32	115	18	7909	1501.3544540405273
903	20261812	37	99	19	8838	1376.278132200241
904	20261813	56	173	37	7805	1664.392213344574
905	20261814	25	84	15	7831	1299.7755613327026
906	20261815	37	106	10	8664	1497.7886395454407
907	20261816	25	111	15	8641	1825.5543766021729
908	20261817	33	112	22	7709	2028.9667916297913
909	20261818	30	80	8	7811	907.356160402298
910	20261819	37	52	8	8147	1562.9748079776764
911	20261820	62	216	53	8228	1422.4191589355469
912	20261821	59	153	39	8559	1381.4290211200714
913	20261822	24	154	23	8016	1632.4058377742767
914	20261823	27	52	2	8511	1987.0072376728058
915	20261824	35	142	15	8155	1439.812594652176
916	20261825	51	109	0	8010	1766.2737681865692
917	20261826	44	118	23	8055	1360.5382735729218
918	20261827	27	112	17	8518	1355.119821548462
919	20261828	30	78	4	7863	1682.6980504989624
920	20261829	49	110	2	8572	2025.806132555008
921	20261830	21	134	0	8376	1784.8561062812805
922	20261831	41	95	11	8256	1743.3671419620514
923	20261832	27	74	16	7358	1680.7445566654205
924	20261833	27	223	27	7751	1689.2950520515442
925	20261834	46	114	14	8333	1788.5982270240784
926	20261835	46	130	25	8045	1779.334835767746
927	20261836	48	146	13	8314	1746.503202676773
928	20261837	39	132	16	8038	2074.131509065628
929	20261838	49	135	4	7770	1469.240639925003
930	20261839	19	72	16	7990	1739.8102605342865
931	20261840	44	153	4	7756	1297.2793819904327
932	20261841	45	121	24	7829	1369.7313556671143
933	20261842	24	130	6	7428	1714.5666460990906
934	20261843	113	221	68	8040	1452.5835540294647
935	20261844	26	88	13	7971	1689.684730052948
936	20261845	28	220	31	8713	1673.9584562778473
937	20261846	65	105	6	8648	1816.796908378601
938	20261847	54	128	12	8302	1859.8700878620148
939	20261848	29	67	14	7967	1989.3949806690216
940	20261849	44	147	25	8679	1680.748908996582
941	20261850	45	85	0	8342	1809.0501282215118
942	20261851	45	110	17	8431	2051.0422189235687
943	20261852	49	127	34	8877	1696.5900819301605
944	20261853	18	66	12	8341	1308.9405965805054
945	20261854	35	127	20	8350	1477.49600315094
946	20261855	29	74	4	7884	1458.4316499233246
947	20261856	22	102	7	7543	2105.697709798813
948	20261857	22	53	18	8514	1740.2782442569733
949	20261858	78	155	0	7510	1445.1615092754364
950	20261859	57	85	20	8825	1397.5138580799103
951	20261860	30	146	23	8752	1357.6672723293304
952	20261861	39	82	15	7191	1698.467009305954
953	20261862	21	75	11	8071	1726.5734124183655
954	20261863	47	141	32	8538	2086.1631891727448
955	20261864	36	114	9	8685	1737.7194209098816
956	20261865	42	116	19	8686	2045.3579668998718
957	20261866	55	107	0	7232	1896.5983486175537
958	20261867	51	51	2	8498	2221.9764592647552
959	20261868	44	124	23	8349	1729.1563222408295
960	20261869	46	94	18	8530	1639.1232271194458
961	20261870	39	112	0	8675	1986.1490669250488
962	20261871	39	139	29	7395	1742.858183145523
963	20261872	36	156	29	7540	2091.71129322052
964	20261873	25	59	14	9054	2138.69758272171
965	20261874	35	119	15	8517	1465.8022677898407
966	20261875	32	99	10	8320	2174.5268445014954
967	20261876	21	107	32	8258	1442.4520313739777
968	20261877	27	95	2	8713	1692.8766779899597
969	20261878	36	150	22	8310	1571.967087507248
970	20261879	34	115	19	8310	1876.9578366279602
971	20261880	31	110	12	8543	1396.0664036273956
972	20261881	17	95	31	8256	2008.423923254013
973	20261882	31	49	8	8518	2240.488794326782
974	20261883	56	181	30	8310	1418.5323224067688
975	20261884	32	160	23	8849	1337.5674340724945
976	20261885	39	65	0	7888	1584.0713741779327
977	20261886	29	178	18	7895	1518.4153697490692
978	20261887	39	213	6	8992	1591.2219774723053
979	20261888	22	45	8	8856	2025.9535207748413
980	20261889	36	100	18	9056	1452.193534374237
981	20261890	23	109	27	8483	1852.0091428756714
982	20261891	57	140	15	7810	2267.993238210678
983	20261892	35	113	27	7969	2078.249608516693
984	20261893	30	96	9	8001	1756.3588237762451
985	20261894	33	119	32	8473	2293.9262557029724
986	20261895	29	102	13	7952	2157.9916908740997
987	20261896	57	181	36	7525	1644.601939201355
988	20261897	39	99	16	8117	1883.3675165176392
989	20261898	51	126	23	8660	1946.9971325397491
990	20261899	75	183	5	8226	2170.7761964797974
991	20261900	55	132	17	7470	1135.8750822544098
992	20261901	33	89	3	7701	1232.8673667907715
993	20261902	42	101	20	7486	1499.7378661632538
994	20261903	69	164	0	8473	1437.7448027133942
995	20261904	40	123	0	8371	936.1172506809235
996	20261905	27	99	0	7683	795.4938333034515
997	20261906	77	203	25	8352	1525.4105913639069
998	20261907	52	149	29	8645	915.2598676681519
999	20261908	41	147	4	8305	729.2856934070587
1000	20261909	39	156	4	8125	999.1764552593231
